,mean_fit_time,std_fit_time,mean_score_time,std_score_time,param_svm__C,param_svm__class_weight,param_svm__degree,param_svm__kernel,param_svm__probability,param_svm__random_state,params,split0_test_accuracy,split1_test_accuracy,split2_test_accuracy,split3_test_accuracy,split4_test_accuracy,mean_test_accuracy,std_test_accuracy,rank_test_accuracy,split0_test_precision,split1_test_precision,split2_test_precision,split3_test_precision,split4_test_precision,mean_test_precision,std_test_precision,rank_test_precision,split0_test_recall,split1_test_recall,split2_test_recall,split3_test_recall,split4_test_recall,mean_test_recall,std_test_recall,rank_test_recall,split0_test_roc_auc,split1_test_roc_auc,split2_test_roc_auc,split3_test_roc_auc,split4_test_roc_auc,mean_test_roc_auc,std_test_roc_auc,rank_test_roc_auc,split0_test_f1,split1_test_f1,split2_test_f1,split3_test_f1,split4_test_f1,mean_test_f1,std_test_f1,rank_test_f1
0,0.17439684867858887,0.020866494282376222,0.037600231170654294,0.005351334737464411,1.0,,3,rbf,True,42,"{'svm__C': 1.0, 'svm__class_weight': None, 'svm__degree': 3, 'svm__kernel': 'rbf', 'svm__probability': True, 'svm__random_state': 42}",0.701195219123506,0.701195219123506,0.7131474103585658,0.708,0.74,0.7127075697211156,0.014368715012539194,13,0.45187590187590193,0.40950226244343896,0.4659917956861188,0.4348574237954769,0.5152521729502297,0.4554959113502333,0.03531413814693215,59,0.424187892211148,0.4357235142118863,0.44362437914867936,0.4338764331801513,0.49589193705612034,0.44666083116159705,0.025381176282046312,55,0.7155389088244283,0.6597196271898885,0.6901740898619093,0.7141837125699331,0.6823325036191186,0.6923897684130556,0.020900979105379715,40,0.4099136730715678,0.4129074667511827,0.4299404299404299,0.4158089957337992,0.4881562881562882,0.4313453707306536,0.029223644923643058,59
1,0.13420000076293945,0.008976328564634943,0.015399026870727538,0.0019589831533383924,1.0,,3,linear,True,42,"{'svm__C': 1.0, 'svm__class_weight': None, 'svm__degree': 3, 'svm__kernel': 'linear', 'svm__probability': True, 'svm__random_state': 42}",0.7131474103585658,0.701195219123506,0.7171314741035857,0.724,0.748,0.7206948207171315,0.015533140894748037,9,0.4549434123425155,0.4109062980030722,0.4594301994301994,0.45656565656565656,0.5136363636363637,0.45909638599556146,0.03262102682259554,54,0.4589793281653747,0.4472591362126246,0.4571322471336397,0.4706401151186,0.5113958130251125,0.46908132793107027,0.022423132915969462,33,0.7232786221272017,0.6630491989707537,0.719433560828536,0.7028506293591453,0.7080313195025902,0.7033286661576454,0.02145762018524444,30,0.44352388842861085,0.4225108225108225,0.44146209208321013,0.45258574917702027,0.499970502519085,0.4520106109437497,0.025899865678002558,36
2,0.14739818572998048,0.018434874066666895,0.014600038528442383,0.003720242776454619,1.0,,3,poly,True,42,"{'svm__C': 1.0, 'svm__class_weight': None, 'svm__degree': 3, 'svm__kernel': 'poly', 'svm__probability': True, 'svm__random_state': 42}",0.6932270916334662,0.6932270916334662,0.6932270916334662,0.708,0.708,0.6991362549800797,0.007237217502980056,21,0.43478260869565216,0.4438123331928641,0.4548463356973995,0.7751322751322752,0.48478260869565215,0.5186712322827687,0.1293332738876676,19,0.4144518272425249,0.42021963824289404,0.4048646892261987,0.42294596852806016,0.43963236318061555,0.4204228972840586,0.011429105810899332,90,0.6999061510731579,0.6501292940811126,0.6970542435249012,0.7262352205134599,0.7173537553812022,0.6981357329147667,0.026335663120851362,35,0.398340910903725,0.40783629441624364,0.38691599473894894,0.41286065138433736,0.43077046099716126,0.4073448624880832,0.01468219247688615,77
3,0.10439906120300294,0.01289404053728593,0.015999555587768555,0.002097670433174535,1.0,,3,sigmoid,True,42,"{'svm__C': 1.0, 'svm__class_weight': None, 'svm__degree': 3, 'svm__kernel': 'sigmoid', 'svm__probability': True, 'svm__random_state': 42}",0.5577689243027888,0.5776892430278885,0.649402390438247,0.692,0.664,0.6281721115537848,0.051601338093562474,42,0.3317482681695432,0.4191955396256471,0.4478184991273997,0.5298687781123378,0.39947154471544716,0.42562052595007493,0.0646490503283081,73,0.3815983757844223,0.4451734957548911,0.44735826135590423,0.5157197233440097,0.440699995358121,0.44610997031946964,0.04251815280511603,59,0.6610640603820587,0.6584206163257407,0.6970697985162816,0.6999032055635857,0.6723240126446425,0.6777563386864618,0.017581273693895304,44,0.3508941777598495,0.40894594602773965,0.4365099518730804,0.5099178981937603,0.4178236235456943,0.4248183194800249,0.05127234986726613,70
4,0.16959872245788574,0.005712490023245003,0.03340020179748535,0.003006615928038038,1.0,,4,rbf,True,42,"{'svm__C': 1.0, 'svm__class_weight': None, 'svm__degree': 4, 'svm__kernel': 'rbf', 'svm__probability': True, 'svm__random_state': 42}",0.701195219123506,0.701195219123506,0.7131474103585658,0.708,0.74,0.7127075697211156,0.014368715012539194,13,0.45187590187590193,0.40950226244343896,0.4659917956861188,0.4348574237954769,0.5152521729502297,0.4554959113502333,0.03531413814693215,59,0.424187892211148,0.4357235142118863,0.44362437914867936,0.4338764331801513,0.49589193705612034,0.44666083116159705,0.025381176282046312,55,0.7155389088244283,0.6597196271898885,0.6901740898619093,0.7141837125699331,0.6823325036191186,0.6923897684130556,0.020900979105379715,40,0.4099136730715678,0.4129074667511827,0.4299404299404299,0.4158089957337992,0.4881562881562882,0.4313453707306536,0.029223644923643058,59
5,0.13199915885925292,0.009938954633392972,0.013999843597412109,0.001789737931624044,1.0,,4,linear,True,42,"{'svm__C': 1.0, 'svm__class_weight': None, 'svm__degree': 4, 'svm__kernel': 'linear', 'svm__probability': True, 'svm__random_state': 42}",0.7131474103585658,0.701195219123506,0.7171314741035857,0.724,0.748,0.7206948207171315,0.015533140894748037,9,0.4549434123425155,0.4109062980030722,0.4594301994301994,0.45656565656565656,0.5136363636363637,0.45909638599556146,0.03262102682259554,54,0.4589793281653747,0.4472591362126246,0.4571322471336397,0.4706401151186,0.5113958130251125,0.46908132793107027,0.022423132915969462,33,0.7232786221272017,0.6630491989707537,0.719433560828536,0.7028506293591453,0.7080313195025902,0.7033286661576454,0.02145762018524444,30,0.44352388842861085,0.4225108225108225,0.44146209208321013,0.45258574917702027,0.499970502519085,0.4520106109437497,0.025899865678002558,36
6,0.17959814071655272,0.008685361910527602,0.014800405502319336,0.002135577999464129,1.0,,4,poly,True,42,"{'svm__C': 1.0, 'svm__class_weight': None, 'svm__degree': 4, 'svm__kernel': 'poly', 'svm__probability': True, 'svm__random_state': 42}",0.6733067729083665,0.6653386454183267,0.6653386454183267,0.684,0.688,0.675196812749004,0.009373973398710172,27,0.40927441352973265,0.40746474028207774,0.37278368794326244,0.5115440115440115,0.4730852832118655,0.43483042730219,0.05019999310556236,71,0.3756921373200443,0.38325950535252856,0.3736248433365827,0.39370213062247594,0.38936081325720656,0.38312788597776765,0.00769778583071447,96,0.6165238685877507,0.5596706837329418,0.656895005146149,0.6537238040208436,0.6686070804685896,0.631084088391255,0.03974571536045305,86,0.3513234077750207,0.36599326599326604,0.34443601203024427,0.3772561401145789,0.36939249480503605,0.3616802641436292,0.012044227694477477,96
7,0.11299901008605957,0.015401612788992635,0.017199182510375978,0.002784794505374498,1.0,,4,sigmoid,True,42,"{'svm__C': 1.0, 'svm__class_weight': None, 'svm__degree': 4, 'svm__kernel': 'sigmoid', 'svm__probability': True, 'svm__random_state': 42}",0.5577689243027888,0.5776892430278885,0.649402390438247,0.692,0.664,0.6281721115537848,0.051601338093562474,42,0.3317482681695432,0.4191955396256471,0.4478184991273997,0.5298687781123378,0.39947154471544716,0.42562052595007493,0.0646490503283081,73,0.3815983757844223,0.4451734957548911,0.44735826135590423,0.5157197233440097,0.440699995358121,0.44610997031946964,0.04251815280511603,59,0.6610640603820587,0.6584206163257407,0.6970697985162816,0.6999032055635857,0.6723240126446425,0.6777563386864618,0.017581273693895304,44,0.3508941777598495,0.40894594602773965,0.4365099518730804,0.5099178981937603,0.4178236235456943,0.4248183194800249,0.05127234986726613,70
8,0.19359793663024902,0.015015150901548207,0.038199663162231445,0.004214247979397269,1.0,,5,rbf,True,42,"{'svm__C': 1.0, 'svm__class_weight': None, 'svm__degree': 5, 'svm__kernel': 'rbf', 'svm__probability': True, 'svm__random_state': 42}",0.701195219123506,0.701195219123506,0.7131474103585658,0.708,0.74,0.7127075697211156,0.014368715012539194,13,0.45187590187590193,0.40950226244343896,0.4659917956861188,0.4348574237954769,0.5152521729502297,0.4554959113502333,0.03531413814693215,59,0.424187892211148,0.4357235142118863,0.44362437914867936,0.4338764331801513,0.49589193705612034,0.44666083116159705,0.025381176282046312,55,0.7155389088244283,0.6597196271898885,0.6901740898619093,0.7141837125699331,0.6823325036191186,0.6923897684130556,0.020900979105379715,40,0.4099136730715678,0.4129074667511827,0.4299404299404299,0.4158089957337992,0.4881562881562882,0.4313453707306536,0.029223644923643058,59
9,0.13419928550720214,0.013790107779629057,0.015200185775756835,0.0019391185621445701,1.0,,5,linear,True,42,"{'svm__C': 1.0, 'svm__class_weight': None, 'svm__degree': 5, 'svm__kernel': 'linear', 'svm__probability': True, 'svm__random_state': 42}",0.7131474103585658,0.701195219123506,0.7171314741035857,0.724,0.748,0.7206948207171315,0.015533140894748037,9,0.4549434123425155,0.4109062980030722,0.4594301994301994,0.45656565656565656,0.5136363636363637,0.45909638599556146,0.03262102682259554,54,0.4589793281653747,0.4472591362126246,0.4571322471336397,0.4706401151186,0.5113958130251125,0.46908132793107027,0.022423132915969462,33,0.7232786221272017,0.6630491989707537,0.719433560828536,0.7028506293591453,0.7080313195025902,0.7033286661576454,0.02145762018524444,30,0.44352388842861085,0.4225108225108225,0.44146209208321013,0.45258574917702027,0.499970502519085,0.4520106109437497,0.025899865678002558,36
10,0.19079875946044922,0.014715791866765669,0.016399335861206055,0.0035556451832219394,1.0,,5,poly,True,42,"{'svm__C': 1.0, 'svm__class_weight': None, 'svm__degree': 5, 'svm__kernel': 'poly', 'svm__probability': True, 'svm__random_state': 42}",0.6533864541832669,0.701195219123506,0.6613545816733067,0.7,0.7,0.683187250996016,0.021233826384578686,23,0.34312285854136076,0.586026936026936,0.3817663817663817,0.595,0.6389573070607554,0.5089746966790868,0.12159084422619858,22,0.36000369139904026,0.4495847176079734,0.36587290535208655,0.4322099986074363,0.4195353479088335,0.405441332175074,0.03603909227515603,94,0.6811659706986135,0.6158436922711203,0.6727687315256646,0.6638480091501031,0.6405919644757319,0.6548436736242467,0.023745984256293397,78,0.3322404371584699,0.46095097832947607,0.3374302339389621,0.4412256427994927,0.41960963013594593,0.39829138447246937,0.05346185579256282,82
11,0.10379972457885742,0.0032496352541931933,0.015999412536621092,0.0016732559447893655,1.0,,5,sigmoid,True,42,"{'svm__C': 1.0, 'svm__class_weight': None, 'svm__degree': 5, 'svm__kernel': 'sigmoid', 'svm__probability': True, 'svm__random_state': 42}",0.5577689243027888,0.5776892430278885,0.649402390438247,0.692,0.664,0.6281721115537848,0.051601338093562474,42,0.3317482681695432,0.4191955396256471,0.4478184991273997,0.5298687781123378,0.39947154471544716,0.42562052595007493,0.0646490503283081,73,0.3815983757844223,0.4451734957548911,0.44735826135590423,0.5157197233440097,0.440699995358121,0.44610997031946964,0.04251815280511603,59,0.6610640603820587,0.6584206163257407,0.6970697985162816,0.6999032055635857,0.6723240126446425,0.6777563386864618,0.017581273693895304,44,0.3508941777598495,0.40894594602773965,0.4365099518730804,0.5099178981937603,0.4178236235456943,0.4248183194800249,0.05127234986726613,70
12,0.18239822387695312,0.010743704050280068,0.03359990119934082,0.003773427646418829,1.0,,6,rbf,True,42,"{'svm__C': 1.0, 'svm__class_weight': None, 'svm__degree': 6, 'svm__kernel': 'rbf', 'svm__probability': True, 'svm__random_state': 42}",0.701195219123506,0.701195219123506,0.7131474103585658,0.708,0.74,0.7127075697211156,0.014368715012539194,13,0.45187590187590193,0.40950226244343896,0.4659917956861188,0.4348574237954769,0.5152521729502297,0.4554959113502333,0.03531413814693215,59,0.424187892211148,0.4357235142118863,0.44362437914867936,0.4338764331801513,0.49589193705612034,0.44666083116159705,0.025381176282046312,55,0.7155389088244283,0.6597196271898885,0.6901740898619093,0.7141837125699331,0.6823325036191186,0.6923897684130556,0.020900979105379715,40,0.4099136730715678,0.4129074667511827,0.4299404299404299,0.4158089957337992,0.4881562881562882,0.4313453707306536,0.029223644923643058,59
13,0.1399982452392578,0.012377433990594294,0.015600824356079101,0.0025761224388176794,1.0,,6,linear,True,42,"{'svm__C': 1.0, 'svm__class_weight': None, 'svm__degree': 6, 'svm__kernel': 'linear', 'svm__probability': True, 'svm__random_state': 42}",0.7131474103585658,0.701195219123506,0.7171314741035857,0.724,0.748,0.7206948207171315,0.015533140894748037,9,0.4549434123425155,0.4109062980030722,0.4594301994301994,0.45656565656565656,0.5136363636363637,0.45909638599556146,0.03262102682259554,54,0.4589793281653747,0.4472591362126246,0.4571322471336397,0.4706401151186,0.5113958130251125,0.46908132793107027,0.022423132915969462,33,0.7232786221272017,0.6630491989707537,0.719433560828536,0.7028506293591453,0.7080313195025902,0.7033286661576454,0.02145762018524444,30,0.44352388842861085,0.4225108225108225,0.44146209208321013,0.45258574917702027,0.499970502519085,0.4520106109437497,0.025899865678002558,36
14,0.19619874954223632,0.01729018728651033,0.013399791717529298,0.0004898237009453609,1.0,,6,poly,True,42,"{'svm__C': 1.0, 'svm__class_weight': None, 'svm__degree': 6, 'svm__kernel': 'poly', 'svm__probability': True, 'svm__random_state': 42}",0.6533864541832669,0.6693227091633466,0.6454183266932271,0.684,0.68,0.6664254980079682,0.014918726269945571,29,0.43284493284493286,0.4761111111111111,0.34373401534526854,0.5076968840633599,0.49451476793248944,0.4509803422594324,0.059286146083494605,64,0.3548172757475083,0.42101328903654484,0.3578888734159588,0.4057953859722416,0.38536879728914264,0.38497672429227925,0.02598287280332837,95,0.6259228017872261,0.5354879994420023,0.6322110413506322,0.6162863504673028,0.6237475090725593,0.6067311404239446,0.035983299445848056,93,0.3259690937397874,0.4197426470588235,0.32863140218303943,0.3997852489488026,0.3679556634908774,0.36841681108426605,0.03742517991632348,95
15,0.10719928741455079,0.006046225154784249,0.014799785614013673,0.0007479988030728979,1.0,,6,sigmoid,True,42,"{'svm__C': 1.0, 'svm__class_weight': None, 'svm__degree': 6, 'svm__kernel': 'sigmoid', 'svm__probability': True, 'svm__random_state': 42}",0.5577689243027888,0.5776892430278885,0.649402390438247,0.692,0.664,0.6281721115537848,0.051601338093562474,42,0.3317482681695432,0.4191955396256471,0.4478184991273997,0.5298687781123378,0.39947154471544716,0.42562052595007493,0.0646490503283081,73,0.3815983757844223,0.4451734957548911,0.44735826135590423,0.5157197233440097,0.440699995358121,0.44610997031946964,0.04251815280511603,59,0.6610640603820587,0.6584206163257407,0.6970697985162816,0.6999032055635857,0.6723240126446425,0.6777563386864618,0.017581273693895304,44,0.3508941777598495,0.40894594602773965,0.4365099518730804,0.5099178981937603,0.4178236235456943,0.4248183194800249,0.05127234986726613,70
16,0.2141979694366455,0.005979648011090803,0.03940081596374512,0.0014970069325417987,1.0,balanced,3,rbf,True,42,"{'svm__C': 1.0, 'svm__class_weight': 'balanced', 'svm__degree': 3, 'svm__kernel': 'rbf', 'svm__probability': True, 'svm__random_state': 42}",0.6175298804780877,0.5298804780876494,0.6215139442231076,0.6,0.588,0.591384860557769,0.0330447899699248,63,0.5470700152207001,0.48872717692149054,0.5621648070293698,0.5551826359547499,0.5575203994641335,0.5421330069180887,0.027147354978577433,13,0.5481358434846807,0.4998800295311923,0.5898469651734534,0.5706273499512603,0.5749883953024183,0.5566957166886011,0.03139748878102769,13,0.7486524071269424,0.710448002928539,0.7511601952183637,0.7902579129385329,0.7313718616325314,0.7463780759689819,0.02634250541087085,13,0.5355786033833989,0.46785330874326014,0.5599101694607312,0.5365001042204312,0.5441713941489222,0.5288027159913488,0.031698146977554346,13
17,0.20239882469177245,0.01980605049228675,0.016799736022949218,0.002399826177711647,1.0,balanced,3,linear,True,42,"{'svm__C': 1.0, 'svm__class_weight': 'balanced', 'svm__degree': 3, 'svm__kernel': 'linear', 'svm__probability': True, 'svm__random_state': 42}",0.6334661354581673,0.5258964143426295,0.6454183266932271,0.612,0.664,0.6161561752988047,0.0481851388458471,49,0.5399716503164779,0.4716407228484523,0.5671744369963094,0.582460427139872,0.5860976918947934,0.549468985839181,0.0421687519598759,9,0.589516426725729,0.4903839055001846,0.5903111530767168,0.6244069999535812,0.6134939423478624,0.5816224855208149,0.04755752342448146,9,0.7632739382559781,0.730636215317711,0.7628918875684562,0.8081455680817279,0.7662009784277964,0.766229717530334,0.024672715671834444,1,0.5498057903673056,0.4592511186058981,0.5663337885512688,0.5703786535004594,0.5872645067655345,0.5466067715580933,0.04527372930690665,9
18,0.20199832916259766,0.008988607157875693,0.02140035629272461,0.0019597661149898145,1.0,balanced,3,poly,True,42,"{'svm__C': 1.0, 'svm__class_weight': 'balanced', 'svm__degree': 3, 'svm__kernel': 'poly', 'svm__probability': True, 'svm__random_state': 42}",0.6294820717131474,0.6095617529880478,0.6812749003984063,0.636,0.628,0.6368637450199204,0.023881166734504317,41,0.5056211458065148,0.5236912156166814,0.5517800960423912,0.5530551238884572,0.5547548283318952,0.537780481937188,0.019749241216701803,17,0.4704318936877076,0.5216777408637874,0.519289271711823,0.5437067725015087,0.4930278976929861,0.5096267152915626,0.025344811301641842,23,0.7060487536920658,0.7058085971705789,0.7335469892628689,0.7573888166147239,0.7202414435369041,0.7246069200554284,0.019346407660055468,21,0.478941859358645,0.5115569445844675,0.5317293233082707,0.5234767025089605,0.5097999507937395,0.5111009561108166,0.017971069397133128,18
19,0.15239973068237306,0.01598323729853935,0.018200063705444337,0.002480510314211605,1.0,balanced,3,sigmoid,True,42,"{'svm__C': 1.0, 'svm__class_weight': 'balanced', 'svm__degree': 3, 'svm__kernel': 'sigmoid', 'svm__probability': True, 'svm__random_state': 42}",0.43824701195219123,0.3745019920318725,0.5298804780876494,0.524,0.484,0.47012589641434255,0.058009851201868405,85,0.4036776345545003,0.4085723671089525,0.4366592154122811,0.4483695652173913,0.40547915701525533,0.42055158786167607,0.018377735067997152,81,0.42535991140642304,0.41096345514950167,0.454574685003221,0.49694680406628605,0.4286137028269043,0.4432917116904672,0.03029285064578151,67,0.6469575871117617,0.6541138085089987,0.6967540979180349,0.6908816986650849,0.6726086754478983,0.6722631735303557,0.019577264271587975,57,0.3777842273775784,0.3467909638675614,0.4334891189180074,0.44029711131486576,0.38556370045464555,0.3967850243865317,0.03528979101431075,83
20,0.2335984230041504,0.029702072151525222,0.04299983978271484,0.005549132036603678,1.0,balanced,4,rbf,True,42,"{'svm__C': 1.0, 'svm__class_weight': 'balanced', 'svm__degree': 4, 'svm__kernel': 'rbf', 'svm__probability': True, 'svm__random_state': 42}",0.6175298804780877,0.5298804780876494,0.6215139442231076,0.6,0.588,0.591384860557769,0.0330447899699248,63,0.5470700152207001,0.48872717692149054,0.5621648070293698,0.5551826359547499,0.5575203994641335,0.5421330069180887,0.027147354978577433,13,0.5481358434846807,0.4998800295311923,0.5898469651734534,0.5706273499512603,0.5749883953024183,0.5566957166886011,0.03139748878102769,13,0.7486524071269424,0.710448002928539,0.7511601952183637,0.7902579129385329,0.7313718616325314,0.7463780759689819,0.02634250541087085,13,0.5355786033833989,0.46785330874326014,0.5599101694607312,0.5365001042204312,0.5441713941489222,0.5288027159913488,0.031698146977554346,13
21,0.18899831771850586,0.00654295769401017,0.014199495315551758,0.0003999476887604306,1.0,balanced,4,linear,True,42,"{'svm__C': 1.0, 'svm__class_weight': 'balanced', 'svm__degree': 4, 'svm__kernel': 'linear', 'svm__probability': True, 'svm__random_state': 42}",0.6334661354581673,0.5258964143426295,0.6454183266932271,0.612,0.664,0.6161561752988047,0.0481851388458471,49,0.5399716503164779,0.4716407228484523,0.5671744369963094,0.582460427139872,0.5860976918947934,0.549468985839181,0.0421687519598759,9,0.589516426725729,0.4903839055001846,0.5903111530767168,0.6244069999535812,0.6134939423478624,0.5816224855208149,0.04755752342448146,9,0.7632739382559781,0.730636215317711,0.7628918875684562,0.8081455680817279,0.7662009784277964,0.766229717530334,0.024672715671834444,1,0.5498057903673056,0.4592511186058981,0.5663337885512688,0.5703786535004594,0.5872645067655345,0.5466067715580933,0.04527372930690665,9
22,0.20879874229431153,0.018829820134663798,0.021000194549560546,0.0024494488286248193,1.0,balanced,4,poly,True,42,"{'svm__C': 1.0, 'svm__class_weight': 'balanced', 'svm__degree': 4, 'svm__kernel': 'poly', 'svm__probability': True, 'svm__random_state': 42}",0.6533864541832669,0.6334661354581673,0.6653386454183267,0.664,0.656,0.6544382470119523,0.011433464997074856,38,0.5080971659919028,0.4736188702669149,0.5067724353785549,0.4954368054068204,0.5300960630795714,0.5028042680247529,0.018410161031683026,27,0.456358434846807,0.4585548172757475,0.43231857329017515,0.43726964675300567,0.4511268161351715,0.44712565766018136,0.010471578981040027,54,0.6460155771602982,0.5860356573032305,0.6523091622464204,0.6603098392181544,0.6573447279942545,0.6404029927844717,0.027612932002287857,84,0.47158178824926456,0.464562529879216,0.43278752436647167,0.4482981915817737,0.47111255497199517,0.4576685178097442,0.015024749450822808,34
23,0.16019830703735352,0.01708136305041699,0.020799541473388673,0.004955045221416905,1.0,balanced,4,sigmoid,True,42,"{'svm__C': 1.0, 'svm__class_weight': 'balanced', 'svm__degree': 4, 'svm__kernel': 'sigmoid', 'svm__probability': True, 'svm__random_state': 42}",0.43824701195219123,0.3745019920318725,0.5298804780876494,0.524,0.484,0.47012589641434255,0.058009851201868405,85,0.4036776345545003,0.4085723671089525,0.4366592154122811,0.4483695652173913,0.40547915701525533,0.42055158786167607,0.018377735067997152,81,0.42535991140642304,0.41096345514950167,0.454574685003221,0.49694680406628605,0.4286137028269043,0.4432917116904672,0.03029285064578151,67,0.6469575871117617,0.6541138085089987,0.6967540979180349,0.6908816986650849,0.6726086754478983,0.6722631735303557,0.019577264271587975,57,0.3777842273775784,0.3467909638675614,0.4334891189180074,0.44029711131486576,0.38556370045464555,0.3967850243865317,0.03528979101431075,83
24,0.23559856414794922,0.029546156434283686,0.04219980239868164,0.003544626852905479,1.0,balanced,5,rbf,True,42,"{'svm__C': 1.0, 'svm__class_weight': 'balanced', 'svm__degree': 5, 'svm__kernel': 'rbf', 'svm__probability': True, 'svm__random_state': 42}",0.6175298804780877,0.5298804780876494,0.6215139442231076,0.6,0.588,0.591384860557769,0.0330447899699248,63,0.5470700152207001,0.48872717692149054,0.5621648070293698,0.5551826359547499,0.5575203994641335,0.5421330069180887,0.027147354978577433,13,0.5481358434846807,0.4998800295311923,0.5898469651734534,0.5706273499512603,0.5749883953024183,0.5566957166886011,0.03139748878102769,13,0.7486524071269424,0.710448002928539,0.7511601952183637,0.7902579129385329,0.7313718616325314,0.7463780759689819,0.02634250541087085,13,0.5355786033833989,0.46785330874326014,0.5599101694607312,0.5365001042204312,0.5441713941489222,0.5288027159913488,0.031698146977554346,13
25,0.1885991096496582,0.005850657503889053,0.014800357818603515,0.0007487876303868339,1.0,balanced,5,linear,True,42,"{'svm__C': 1.0, 'svm__class_weight': 'balanced', 'svm__degree': 5, 'svm__kernel': 'linear', 'svm__probability': True, 'svm__random_state': 42}",0.6334661354581673,0.5258964143426295,0.6454183266932271,0.612,0.664,0.6161561752988047,0.0481851388458471,49,0.5399716503164779,0.4716407228484523,0.5671744369963094,0.582460427139872,0.5860976918947934,0.549468985839181,0.0421687519598759,9,0.589516426725729,0.4903839055001846,0.5903111530767168,0.6244069999535812,0.6134939423478624,0.5816224855208149,0.04755752342448146,9,0.7632739382559781,0.730636215317711,0.7628918875684562,0.8081455680817279,0.7662009784277964,0.766229717530334,0.024672715671834444,1,0.5498057903673056,0.4592511186058981,0.5663337885512688,0.5703786535004594,0.5872645067655345,0.5466067715580933,0.04527372930690665,9
26,0.19379935264587403,0.004874120652569711,0.01679844856262207,0.0014689580763434442,1.0,balanced,5,poly,True,42,"{'svm__C': 1.0, 'svm__class_weight': 'balanced', 'svm__degree': 5, 'svm__kernel': 'poly', 'svm__probability': True, 'svm__random_state': 42}",0.6573705179282868,0.6693227091633466,0.6693227091633466,0.68,0.64,0.663203187250996,0.013634059890065307,31,0.4647327980661314,0.5293296452132357,0.4978500171998624,0.5386121553884712,0.4482020630482984,0.4957453357831998,0.03519102165276459,33,0.42834071613141383,0.4954595791805094,0.44658272790776926,0.4884521654365687,0.4011070881492828,0.45198845536110877,0.03576783959902801,46,0.6845140953190091,0.6130927869814032,0.6827931405705664,0.6917544897272988,0.6658173347659161,0.6675943694728387,0.02854670391733874,63,0.43527432923290416,0.5076808267597741,0.45475578839915803,0.5043430517747005,0.4058896897606575,0.4615887371854389,0.03948147230375913,25
27,0.1751983642578125,0.018224311970475457,0.022799921035766602,0.0011652721983079317,1.0,balanced,5,sigmoid,True,42,"{'svm__C': 1.0, 'svm__class_weight': 'balanced', 'svm__degree': 5, 'svm__kernel': 'sigmoid', 'svm__probability': True, 'svm__random_state': 42}",0.43824701195219123,0.3745019920318725,0.5298804780876494,0.524,0.484,0.47012589641434255,0.058009851201868405,85,0.4036776345545003,0.4085723671089525,0.4366592154122811,0.4483695652173913,0.40547915701525533,0.42055158786167607,0.018377735067997152,81,0.42535991140642304,0.41096345514950167,0.454574685003221,0.49694680406628605,0.4286137028269043,0.4432917116904672,0.03029285064578151,67,0.6469575871117617,0.6541138085089987,0.6967540979180349,0.6908816986650849,0.6726086754478983,0.6722631735303557,0.019577264271587975,57,0.3777842273775784,0.3467909638675614,0.4334891189180074,0.44029711131486576,0.38556370045464555,0.3967850243865317,0.03528979101431075,83
28,0.23199801445007323,0.02056241261088958,0.040200328826904295,0.00263837691842613,1.0,balanced,6,rbf,True,42,"{'svm__C': 1.0, 'svm__class_weight': 'balanced', 'svm__degree': 6, 'svm__kernel': 'rbf', 'svm__probability': True, 'svm__random_state': 42}",0.6175298804780877,0.5298804780876494,0.6215139442231076,0.6,0.588,0.591384860557769,0.0330447899699248,63,0.5470700152207001,0.48872717692149054,0.5621648070293698,0.5551826359547499,0.5575203994641335,0.5421330069180887,0.027147354978577433,13,0.5481358434846807,0.4998800295311923,0.5898469651734534,0.5706273499512603,0.5749883953024183,0.5566957166886011,0.03139748878102769,13,0.7486524071269424,0.710448002928539,0.7511601952183637,0.7902579129385329,0.7313718616325314,0.7463780759689819,0.02634250541087085,13,0.5355786033833989,0.46785330874326014,0.5599101694607312,0.5365001042204312,0.5441713941489222,0.5288027159913488,0.031698146977554346,13
29,0.20819878578186035,0.014218739163181402,0.01779932975769043,0.00318720859143973,1.0,balanced,6,linear,True,42,"{'svm__C': 1.0, 'svm__class_weight': 'balanced', 'svm__degree': 6, 'svm__kernel': 'linear', 'svm__probability': True, 'svm__random_state': 42}",0.6334661354581673,0.5258964143426295,0.6454183266932271,0.612,0.664,0.6161561752988047,0.0481851388458471,49,0.5399716503164779,0.4716407228484523,0.5671744369963094,0.582460427139872,0.5860976918947934,0.549468985839181,0.0421687519598759,9,0.589516426725729,0.4903839055001846,0.5903111530767168,0.6244069999535812,0.6134939423478624,0.5816224855208149,0.04755752342448146,9,0.7632739382559781,0.730636215317711,0.7628918875684562,0.8081455680817279,0.7662009784277964,0.766229717530334,0.024672715671834444,1,0.5498057903673056,0.4592511186058981,0.5663337885512688,0.5703786535004594,0.5872645067655345,0.5466067715580933,0.04527372930690665,9
30,0.2073988914489746,0.0098901160053142,0.016199636459350585,0.0003989702344178667,1.0,balanced,6,poly,True,42,"{'svm__C': 1.0, 'svm__class_weight': 'balanced', 'svm__degree': 6, 'svm__kernel': 'poly', 'svm__probability': True, 'svm__random_state': 42}",0.6573705179282868,0.6414342629482072,0.6254980079681275,0.684,0.668,0.6552605577689243,0.020345400753490474,36,0.45857043026854344,0.4848818524274914,0.36887351778656124,0.5403098046118641,0.51929012345679,0.47438514571025003,0.059758693729411935,39,0.40526947212993725,0.4509874492432632,0.3597988368130444,0.4547498027201411,0.4214164693868077,0.41844440605863875,0.0346376856128046,91,0.618242783166033,0.5306586700084587,0.6334521637051433,0.6186010170640374,0.629849813700599,0.6061608895288543,0.03822902785590494,94,0.40747126436781606,0.4617736045905059,0.34098779281503533,0.4705303886320835,0.43143972051860596,0.42244055418480936,0.04647437573216693,74
31,0.14399800300598145,0.0028984273748579145,0.01700105667114258,0.0015489889808666696,1.0,balanced,6,sigmoid,True,42,"{'svm__C': 1.0, 'svm__class_weight': 'balanced', 'svm__degree': 6, 'svm__kernel': 'sigmoid', 'svm__probability': True, 'svm__random_state': 42}",0.43824701195219123,0.3745019920318725,0.5298804780876494,0.524,0.484,0.47012589641434255,0.058009851201868405,85,0.4036776345545003,0.4085723671089525,0.4366592154122811,0.4483695652173913,0.40547915701525533,0.42055158786167607,0.018377735067997152,81,0.42535991140642304,0.41096345514950167,0.454574685003221,0.49694680406628605,0.4286137028269043,0.4432917116904672,0.03029285064578151,67,0.6469575871117617,0.6541138085089987,0.6967540979180349,0.6908816986650849,0.6726086754478983,0.6722631735303557,0.019577264271587975,57,0.3777842273775784,0.3467909638675614,0.4334891189180074,0.44029711131486576,0.38556370045464555,0.3967850243865317,0.03528979101431075,83
32,0.2287975311279297,0.027505826912254543,0.03500056266784668,0.004289956141699113,10.0,,3,rbf,True,42,"{'svm__C': 10.0, 'svm__class_weight': None, 'svm__degree': 3, 'svm__kernel': 'rbf', 'svm__probability': True, 'svm__random_state': 42}",0.7051792828685259,0.6653386454183267,0.6892430278884463,0.716,0.724,0.6999521912350598,0.02086113847845995,17,0.5499692754594715,0.389672599428697,0.4165437561455261,0.5917497231450719,0.5556408999291823,0.5007152508215897,0.0814191279350257,28,0.44982465854558873,0.42363418235511263,0.4201364712435594,0.474148215197512,0.5057570904702223,0.45470012356239903,0.03215136408277776,41,0.7195557415993497,0.6347132548289762,0.6960230109385571,0.7382607496740353,0.6828689104577883,0.6942843334997413,0.035368397032755496,36,0.44209219767299524,0.4032171581769437,0.40076968845340727,0.479664515629666,0.5106878306878307,0.44728627812416855,0.042897473237241725,46
33,0.4725957870483398,0.027521065981656254,0.015200328826904298,0.0027136669634524923,10.0,,3,linear,True,42,"{'svm__C': 10.0, 'svm__class_weight': None, 'svm__degree': 3, 'svm__kernel': 'linear', 'svm__probability': True, 'svm__random_state': 42}",0.7171314741035857,0.701195219123506,0.7250996015936255,0.724,0.748,0.7230852589641434,0.01510139097345621,1,0.4574780058651027,0.4109062980030722,0.469837710869101,0.45656565656565656,0.5081230886850153,0.46058215199758956,0.031110334167260292,46,0.4724990771502399,0.4472591362126246,0.472636123102632,0.4706401151186,0.5171517430255768,0.47603723892193467,0.022679491908433564,24,0.695042433306384,0.6562098485527295,0.7247847926821659,0.7115344034645538,0.7325963163740529,0.7040335588759772,0.027094852271252818,26,0.45509426952725923,0.4225108225108225,0.45703623450102326,0.45258574917702027,0.5027417027417026,0.4579937556915656,0.025690417332615095,26
34,0.4275968074798584,0.046850772316567174,0.014600467681884766,0.002800560074687807,10.0,,3,poly,True,42,"{'svm__C': 10.0, 'svm__class_weight': None, 'svm__degree': 3, 'svm__kernel': 'poly', 'svm__probability': True, 'svm__random_state': 42}",0.6932270916334662,0.6772908366533864,0.6852589641434262,0.708,0.7,0.6927553784860558,0.010774542415972154,22,0.4913273001508296,0.47770562770562774,0.41794380587484037,0.6533561107552139,0.5212980030721966,0.5123261695117416,0.07812490399308987,21,0.42656884459210037,0.43651716500553706,0.4008726732581349,0.4477138745764286,0.4592454625632456,0.4341836039990893,0.019920909372875464,83,0.6893319905382705,0.5976319562429847,0.6765905672941431,0.7053396205810745,0.6939362920951346,0.6725660853503215,0.03858291353591619,56,0.4149627492088653,0.4291979949874687,0.37996630921566216,0.45818468970642884,0.4611928104575163,0.42870091071518823,0.029963518919295818,65
35,0.08459982872009278,0.00272812087264817,0.014400148391723632,0.0008002401690166253,10.0,,3,sigmoid,True,42,"{'svm__C': 10.0, 'svm__class_weight': None, 'svm__degree': 3, 'svm__kernel': 'sigmoid', 'svm__probability': True, 'svm__random_state': 42}",0.5338645418326693,0.5418326693227091,0.6254980079681275,0.612,0.624,0.5874390438247012,0.04083772152135292,71,0.3521645021645021,0.40602296254470166,0.4119284856193908,0.4629433168616284,0.3735092964910472,0.40131371273625405,0.037740665082460934,93,0.3991140642303433,0.43366555924695466,0.44076000013585986,0.4976604929675532,0.42649584551826575,0.4395391924197954,0.03230602235812626,73,0.6399983721016004,0.6456073821615232,0.6948870685324606,0.6781530512093455,0.6637830481378287,0.6644857844285517,0.020334962647342865,64,0.36314699792960653,0.39823168067442877,0.421616377603548,0.45143149682828015,0.397936507936508,0.4064726121944743,0.029218219719654326,78
36,0.23619842529296875,0.026452016678257417,0.03519935607910156,0.003488056075947357,10.0,,4,rbf,True,42,"{'svm__C': 10.0, 'svm__class_weight': None, 'svm__degree': 4, 'svm__kernel': 'rbf', 'svm__probability': True, 'svm__random_state': 42}",0.7051792828685259,0.6653386454183267,0.6892430278884463,0.716,0.724,0.6999521912350598,0.02086113847845995,17,0.5499692754594715,0.389672599428697,0.4165437561455261,0.5917497231450719,0.5556408999291823,0.5007152508215897,0.0814191279350257,28,0.44982465854558873,0.42363418235511263,0.4201364712435594,0.474148215197512,0.5057570904702223,0.45470012356239903,0.03215136408277776,41,0.7195557415993497,0.6347132548289762,0.6960230109385571,0.7382607496740353,0.6828689104577883,0.6942843334997413,0.035368397032755496,36,0.44209219767299524,0.4032171581769437,0.40076968845340727,0.479664515629666,0.5106878306878307,0.44728627812416855,0.042897473237241725,46
37,0.4761974811553955,0.028449560770193814,0.015599298477172851,0.002153901040232103,10.0,,4,linear,True,42,"{'svm__C': 10.0, 'svm__class_weight': None, 'svm__degree': 4, 'svm__kernel': 'linear', 'svm__probability': True, 'svm__random_state': 42}",0.7171314741035857,0.701195219123506,0.7250996015936255,0.724,0.748,0.7230852589641434,0.01510139097345621,1,0.4574780058651027,0.4109062980030722,0.469837710869101,0.45656565656565656,0.5081230886850153,0.46058215199758956,0.031110334167260292,46,0.4724990771502399,0.4472591362126246,0.472636123102632,0.4706401151186,0.5171517430255768,0.47603723892193467,0.022679491908433564,24,0.695042433306384,0.6562098485527295,0.7247847926821659,0.7115344034645538,0.7325963163740529,0.7040335588759772,0.027094852271252818,26,0.45509426952725923,0.4225108225108225,0.45703623450102326,0.45258574917702027,0.5027417027417026,0.4579937556915656,0.025690417332615095,26
38,0.36799845695495603,0.027194759957239172,0.013599586486816407,0.0004904272698868623,10.0,,4,poly,True,42,"{'svm__C': 10.0, 'svm__class_weight': None, 'svm__degree': 4, 'svm__kernel': 'poly', 'svm__probability': True, 'svm__random_state': 42}",0.6772908366533864,0.6693227091633466,0.6693227091633466,0.688,0.68,0.6767872509960159,0.0070390320988982045,26,0.40833524860185394,0.4794056891617868,0.4497050147492625,0.5312980030721967,0.5082581188327205,0.4754004148835641,0.04330866290389362,38,0.39497969730527865,0.4337117017349576,0.39326678463832404,0.4371524393074317,0.4262417026412291,0.4170704651254442,0.019073254930022453,92,0.6127624796770906,0.5616499777632239,0.6624802297652569,0.6152902414547521,0.6493100675348646,0.6202985992390376,0.03504994377539257,88,0.37620866173722267,0.43423337797171363,0.3777545978010631,0.44100289369479134,0.43151451915907174,0.4121428100727725,0.02887896428037994,76
39,0.08399858474731445,0.0036331403848045693,0.014600515365600586,0.0004901744510226931,10.0,,4,sigmoid,True,42,"{'svm__C': 10.0, 'svm__class_weight': None, 'svm__degree': 4, 'svm__kernel': 'sigmoid', 'svm__probability': True, 'svm__random_state': 42}",0.5338645418326693,0.5418326693227091,0.6254980079681275,0.612,0.624,0.5874390438247012,0.04083772152135292,71,0.3521645021645021,0.40602296254470166,0.4119284856193908,0.4629433168616284,0.3735092964910472,0.40131371273625405,0.037740665082460934,93,0.3991140642303433,0.43366555924695466,0.44076000013585986,0.4976604929675532,0.42649584551826575,0.4395391924197954,0.03230602235812626,73,0.6399983721016004,0.6456073821615232,0.6948870685324606,0.6781530512093455,0.6637830481378287,0.6644857844285517,0.020334962647342865,64,0.36314699792960653,0.39823168067442877,0.421616377603548,0.45143149682828015,0.397936507936508,0.4064726121944743,0.029218219719654326,78
40,0.22699813842773436,0.028192160131603628,0.03419990539550781,0.003969923227227474,10.0,,5,rbf,True,42,"{'svm__C': 10.0, 'svm__class_weight': None, 'svm__degree': 5, 'svm__kernel': 'rbf', 'svm__probability': True, 'svm__random_state': 42}",0.7051792828685259,0.6653386454183267,0.6892430278884463,0.716,0.724,0.6999521912350598,0.02086113847845995,17,0.5499692754594715,0.389672599428697,0.4165437561455261,0.5917497231450719,0.5556408999291823,0.5007152508215897,0.0814191279350257,28,0.44982465854558873,0.42363418235511263,0.4201364712435594,0.474148215197512,0.5057570904702223,0.45470012356239903,0.03215136408277776,41,0.7195557415993497,0.6347132548289762,0.6960230109385571,0.7382607496740353,0.6828689104577883,0.6942843334997413,0.035368397032755496,36,0.44209219767299524,0.4032171581769437,0.40076968845340727,0.479664515629666,0.5106878306878307,0.44728627812416855,0.042897473237241725,46
41,0.4707970142364502,0.02352356765714009,0.014800167083740235,0.0018328247765683468,10.0,,5,linear,True,42,"{'svm__C': 10.0, 'svm__class_weight': None, 'svm__degree': 5, 'svm__kernel': 'linear', 'svm__probability': True, 'svm__random_state': 42}",0.7171314741035857,0.701195219123506,0.7250996015936255,0.724,0.748,0.7230852589641434,0.01510139097345621,1,0.4574780058651027,0.4109062980030722,0.469837710869101,0.45656565656565656,0.5081230886850153,0.46058215199758956,0.031110334167260292,46,0.4724990771502399,0.4472591362126246,0.472636123102632,0.4706401151186,0.5171517430255768,0.47603723892193467,0.022679491908433564,24,0.695042433306384,0.6562098485527295,0.7247847926821659,0.7115344034645538,0.7325963163740529,0.7040335588759772,0.027094852271252818,26,0.45509426952725923,0.4225108225108225,0.45703623450102326,0.45258574917702027,0.5027417027417026,0.4579937556915656,0.025690417332615095,26
42,0.3823979377746582,0.030773924070364944,0.012999296188354492,6.743495761743046e-07,10.0,,5,poly,True,42,"{'svm__C': 10.0, 'svm__class_weight': None, 'svm__degree': 5, 'svm__kernel': 'poly', 'svm__probability': True, 'svm__random_state': 42}",0.6733067729083665,0.6852589641434262,0.6653386454183267,0.712,0.672,0.6815808764940239,0.016510090602324293,24,0.44031007751937984,0.5289949039949039,0.41127946127946124,0.5797788309636651,0.486659125188537,0.4894044797891894,0.06042555893370695,36,0.4166482096714655,0.4774178663713547,0.39127077665429205,0.4842454625632457,0.4395174766745578,0.4418199583869832,0.035387208385945626,71,0.6613618829038039,0.6300271891574002,0.6588289140015665,0.6696892494434762,0.6602600842463741,0.6560334639505242,0.013541622611045015,77,0.4030140407459992,0.4844977881863127,0.3760975286556682,0.4993597840193411,0.44502923976608183,0.4415996762746806,0.04683507781536054,55
43,0.09239940643310547,0.010836491044979727,0.01659998893737793,0.0024165328992931073,10.0,,5,sigmoid,True,42,"{'svm__C': 10.0, 'svm__class_weight': None, 'svm__degree': 5, 'svm__kernel': 'sigmoid', 'svm__probability': True, 'svm__random_state': 42}",0.5338645418326693,0.5418326693227091,0.6254980079681275,0.612,0.624,0.5874390438247012,0.04083772152135292,71,0.3521645021645021,0.40602296254470166,0.4119284856193908,0.4629433168616284,0.3735092964910472,0.40131371273625405,0.037740665082460934,93,0.3991140642303433,0.43366555924695466,0.44076000013585986,0.4976604929675532,0.42649584551826575,0.4395391924197954,0.03230602235812626,73,0.6399983721016004,0.6456073821615232,0.6948870685324606,0.6781530512093455,0.6637830481378287,0.6644857844285517,0.020334962647342865,64,0.36314699792960653,0.39823168067442877,0.421616377603548,0.45143149682828015,0.397936507936508,0.4064726121944743,0.029218219719654326,78
44,0.2117992877960205,0.009196127574323497,0.031199312210083006,0.0003995436332481861,10.0,,6,rbf,True,42,"{'svm__C': 10.0, 'svm__class_weight': None, 'svm__degree': 6, 'svm__kernel': 'rbf', 'svm__probability': True, 'svm__random_state': 42}",0.7051792828685259,0.6653386454183267,0.6892430278884463,0.716,0.724,0.6999521912350598,0.02086113847845995,17,0.5499692754594715,0.389672599428697,0.4165437561455261,0.5917497231450719,0.5556408999291823,0.5007152508215897,0.0814191279350257,28,0.44982465854558873,0.42363418235511263,0.4201364712435594,0.474148215197512,0.5057570904702223,0.45470012356239903,0.03215136408277776,41,0.7195557415993497,0.6347132548289762,0.6960230109385571,0.7382607496740353,0.6828689104577883,0.6942843334997413,0.035368397032755496,36,0.44209219767299524,0.4032171581769437,0.40076968845340727,0.479664515629666,0.5106878306878307,0.44728627812416855,0.042897473237241725,46
45,0.46979665756225586,0.019342745222914053,0.015000295639038087,0.002529865092234681,10.0,,6,linear,True,42,"{'svm__C': 10.0, 'svm__class_weight': None, 'svm__degree': 6, 'svm__kernel': 'linear', 'svm__probability': True, 'svm__random_state': 42}",0.7171314741035857,0.701195219123506,0.7250996015936255,0.724,0.748,0.7230852589641434,0.01510139097345621,1,0.4574780058651027,0.4109062980030722,0.469837710869101,0.45656565656565656,0.5081230886850153,0.46058215199758956,0.031110334167260292,46,0.4724990771502399,0.4472591362126246,0.472636123102632,0.4706401151186,0.5171517430255768,0.47603723892193467,0.022679491908433564,24,0.695042433306384,0.6562098485527295,0.7247847926821659,0.7115344034645538,0.7325963163740529,0.7040335588759772,0.027094852271252818,26,0.45509426952725923,0.4225108225108225,0.45703623450102326,0.45258574917702027,0.5027417027417026,0.4579937556915656,0.025690417332615095,26
46,0.34079804420471194,0.03560630777769492,0.014200115203857422,0.0019389366904207764,10.0,,6,poly,True,42,"{'svm__C': 10.0, 'svm__class_weight': None, 'svm__degree': 6, 'svm__kernel': 'poly', 'svm__probability': True, 'svm__random_state': 42}",0.6812749003984063,0.6533864541832669,0.6374501992031872,0.692,0.68,0.6688223107569722,0.020197465463493908,28,0.48809523809523814,0.46705561360733777,0.4288054570845419,0.5580427006483344,0.5132095319011207,0.4910417082673145,0.04344631346730926,35,0.43215208564045776,0.4327057954964932,0.3891887240833138,0.45240449333890354,0.43833495799099476,0.4289572113100326,0.021182581755043933,84,0.6248556240465738,0.5415190232302837,0.6225811402880973,0.6082194674312249,0.647205044287261,0.6088760598566881,0.03591570198537998,91,0.4205360849196466,0.4395491803278688,0.3787711059927033,0.46835839598997486,0.44625404730391605,0.43069376290682193,0.03012741667192986,64
47,0.10119900703430176,0.014770546388908228,0.01899995803833008,0.004426867856739343,10.0,,6,sigmoid,True,42,"{'svm__C': 10.0, 'svm__class_weight': None, 'svm__degree': 6, 'svm__kernel': 'sigmoid', 'svm__probability': True, 'svm__random_state': 42}",0.5338645418326693,0.5418326693227091,0.6254980079681275,0.612,0.624,0.5874390438247012,0.04083772152135292,71,0.3521645021645021,0.40602296254470166,0.4119284856193908,0.4629433168616284,0.3735092964910472,0.40131371273625405,0.037740665082460934,93,0.3991140642303433,0.43366555924695466,0.44076000013585986,0.4976604929675532,0.42649584551826575,0.4395391924197954,0.03230602235812626,73,0.6399983721016004,0.6456073821615232,0.6948870685324606,0.6781530512093455,0.6637830481378287,0.6644857844285517,0.020334962647342865,64,0.36314699792960653,0.39823168067442877,0.421616377603548,0.45143149682828015,0.397936507936508,0.4064726121944743,0.029218219719654326,78
48,0.23279867172241211,0.019518565900939668,0.03799948692321777,0.0030330562311032946,10.0,balanced,3,rbf,True,42,"{'svm__C': 10.0, 'svm__class_weight': 'balanced', 'svm__degree': 3, 'svm__kernel': 'rbf', 'svm__probability': True, 'svm__random_state': 42}",0.6055776892430279,0.4820717131474104,0.6294820717131474,0.58,0.584,0.5762262948207171,0.050274125989459656,76,0.5021735372915046,0.428042328042328,0.5444472008600016,0.5226813932323985,0.5378293891029169,0.50703476970583,0.042086227763977836,23,0.5335086747877446,0.4379752676264304,0.5873267645084194,0.5473912639836606,0.5482244812700182,0.5308852904352547,0.049795359584872724,17,0.7218193592609475,0.6685836699493996,0.7264726850591989,0.7510275379652119,0.7118142832406008,0.7159435070950717,0.026967695910023022,22,0.5066667895426402,0.4102636662655805,0.5575218528523562,0.5150790985828686,0.5270428627045708,0.5033148539896033,0.0496176855222758,19
49,0.7405952453613281,0.03346369454197439,0.01720004081726074,0.003867247257451491,10.0,balanced,3,linear,True,42,"{'svm__C': 10.0, 'svm__class_weight': 'balanced', 'svm__degree': 3, 'svm__kernel': 'linear', 'svm__probability': True, 'svm__random_state': 42}",0.6334661354581673,0.5258964143426295,0.649402390438247,0.616,0.656,0.6161529880478087,0.04720026418661954,53,0.5537839854111406,0.4702578313330566,0.5726842975996368,0.5853407922524508,0.5814137760166175,0.5526961365225804,0.04263135120260441,1,0.602796234772979,0.4898025101513473,0.6095749510621412,0.6327403332869145,0.6089205310309613,0.5887669120608686,0.050524408675536675,1,0.7658770342007313,0.7270284958554901,0.7625631964065279,0.8074196529816425,0.7642120195794101,0.7654200798047605,0.025486105488101988,9,0.5623055162659123,0.45880393146657955,0.5787990746618218,0.5742536320579,0.5827515711023286,0.5513827451109085,0.04679504141543698,1
50,0.311598014831543,0.02629542047604684,0.015999412536621092,0.002096829254049139,10.0,balanced,3,poly,True,42,"{'svm__C': 10.0, 'svm__class_weight': 'balanced', 'svm__degree': 3, 'svm__kernel': 'poly', 'svm__probability': True, 'svm__random_state': 42}",0.5816733067729084,0.5856573705179283,0.6693227091633466,0.628,0.628,0.6185306772908368,0.0322437178580889,48,0.48394453566867357,0.494064071178499,0.5487998451413086,0.5707244562666249,0.5169772256728778,0.5229020267855968,0.03268669093989395,18,0.4772056109265412,0.5143779992617202,0.5543490443956104,0.5742503365362298,0.5264006869980968,0.5293167356236397,0.03344512961344661,21,0.7011420057330969,0.6852534724017403,0.6860709707597327,0.7226964548955088,0.7133221371415241,0.7016970081863205,0.014771535653385078,34,0.47087161500555763,0.4938865889839694,0.5514518938153051,0.549782019559326,0.5201286553801516,0.5172241545488621,0.03141079025755139,17
51,0.14079909324645995,0.013362618740828391,0.01960015296936035,0.0018550574188782414,10.0,balanced,3,sigmoid,True,42,"{'svm__C': 10.0, 'svm__class_weight': 'balanced', 'svm__degree': 3, 'svm__kernel': 'sigmoid', 'svm__probability': True, 'svm__random_state': 42}",0.4262948207171315,0.3665338645418327,0.49800796812749004,0.532,0.46,0.4565673306772909,0.057343957198225784,93,0.3804175878162614,0.3883491786717593,0.4485256923220306,0.45575757575757575,0.37338042509863817,0.4092860919332531,0.035384479154611494,89,0.4067091177556294,0.3954595791805094,0.4785199878178979,0.5118692846864411,0.4033816088752727,0.4391879156631501,0.04707169985018664,77,0.6268695715476446,0.605236950866128,0.7009244649104321,0.6984608489359175,0.6713912684486907,0.6605766209417625,0.038415528389623685,68,0.359612710856492,0.3362523899388609,0.4278868445997647,0.4441880622386038,0.3550802139037433,0.38460404430749295,0.0430296683312985,91
52,0.22539863586425782,0.006151437203295747,0.03659963607788086,0.0010199263806404896,10.0,balanced,4,rbf,True,42,"{'svm__C': 10.0, 'svm__class_weight': 'balanced', 'svm__degree': 4, 'svm__kernel': 'rbf', 'svm__probability': True, 'svm__random_state': 42}",0.6055776892430279,0.4820717131474104,0.6294820717131474,0.58,0.584,0.5762262948207171,0.050274125989459656,76,0.5021735372915046,0.428042328042328,0.5444472008600016,0.5226813932323985,0.5378293891029169,0.50703476970583,0.042086227763977836,23,0.5335086747877446,0.4379752676264304,0.5873267645084194,0.5473912639836606,0.5482244812700182,0.5308852904352547,0.049795359584872724,17,0.7218193592609475,0.6685836699493996,0.7264726850591989,0.7510275379652119,0.7118142832406008,0.7159435070950717,0.026967695910023022,22,0.5066667895426402,0.4102636662655805,0.5575218528523562,0.5150790985828686,0.5270428627045708,0.5033148539896033,0.0496176855222758,19
53,0.750995683670044,0.07463998976369336,0.01580052375793457,0.002227458249399342,10.0,balanced,4,linear,True,42,"{'svm__C': 10.0, 'svm__class_weight': 'balanced', 'svm__degree': 4, 'svm__kernel': 'linear', 'svm__probability': True, 'svm__random_state': 42}",0.6334661354581673,0.5258964143426295,0.649402390438247,0.616,0.656,0.6161529880478087,0.04720026418661954,53,0.5537839854111406,0.4702578313330566,0.5726842975996368,0.5853407922524508,0.5814137760166175,0.5526961365225804,0.04263135120260441,1,0.602796234772979,0.4898025101513473,0.6095749510621412,0.6327403332869145,0.6089205310309613,0.5887669120608686,0.050524408675536675,1,0.7658770342007313,0.7270284958554901,0.7625631964065279,0.8074196529816425,0.7642120195794101,0.7654200798047605,0.025486105488101988,9,0.5623055162659123,0.45880393146657955,0.5787990746618218,0.5742536320579,0.5827515711023286,0.5513827451109085,0.04679504141543698,1
54,0.3273977279663086,0.0310715987189124,0.01860055923461914,0.0021536001427286617,10.0,balanced,4,poly,True,42,"{'svm__C': 10.0, 'svm__class_weight': 'balanced', 'svm__degree': 4, 'svm__kernel': 'poly', 'svm__probability': True, 'svm__random_state': 42}",0.5816733067729084,0.5976095617529881,0.6175298804780877,0.616,0.624,0.6073625498007968,0.015555339220876372,62,0.46930686866934596,0.47752175474580155,0.4306847871290114,0.47427193191830436,0.48587132658870935,0.46753133381023454,0.019195937251441055,40,0.4408545588778147,0.4897471391657438,0.4141224074822561,0.443841386993455,0.4472520076126816,0.44716350002639016,0.024314304949446287,53,0.633177227931042,0.5803134976722802,0.6585471983298988,0.6284288567095865,0.6512344778608671,0.6303402517007349,0.027373631503833293,87,0.4457180929360542,0.4801286426722256,0.407000407000407,0.4548974094867815,0.46119585062134477,0.4497880805433626,0.024183225496371422,41
55,0.13719940185546875,0.01411946229913956,0.019599485397338866,0.002153900955781174,10.0,balanced,4,sigmoid,True,42,"{'svm__C': 10.0, 'svm__class_weight': 'balanced', 'svm__degree': 4, 'svm__kernel': 'sigmoid', 'svm__probability': True, 'svm__random_state': 42}",0.4262948207171315,0.3665338645418327,0.49800796812749004,0.532,0.46,0.4565673306772909,0.057343957198225784,93,0.3804175878162614,0.3883491786717593,0.4485256923220306,0.45575757575757575,0.37338042509863817,0.4092860919332531,0.035384479154611494,89,0.4067091177556294,0.3954595791805094,0.4785199878178979,0.5118692846864411,0.4033816088752727,0.4391879156631501,0.04707169985018664,77,0.6268695715476446,0.605236950866128,0.7009244649104321,0.6984608489359175,0.6713912684486907,0.6605766209417625,0.038415528389623685,68,0.359612710856492,0.3362523899388609,0.4278868445997647,0.4441880622386038,0.3550802139037433,0.38460404430749295,0.0430296683312985,91
56,0.23579783439636232,0.018158949499777543,0.038599920272827146,0.002800219402654107,10.0,balanced,5,rbf,True,42,"{'svm__C': 10.0, 'svm__class_weight': 'balanced', 'svm__degree': 5, 'svm__kernel': 'rbf', 'svm__probability': True, 'svm__random_state': 42}",0.6055776892430279,0.4820717131474104,0.6294820717131474,0.58,0.584,0.5762262948207171,0.050274125989459656,76,0.5021735372915046,0.428042328042328,0.5444472008600016,0.5226813932323985,0.5378293891029169,0.50703476970583,0.042086227763977836,23,0.5335086747877446,0.4379752676264304,0.5873267645084194,0.5473912639836606,0.5482244812700182,0.5308852904352547,0.049795359584872724,17,0.7218193592609475,0.6685836699493996,0.7264726850591989,0.7510275379652119,0.7118142832406008,0.7159435070950717,0.026967695910023022,22,0.5066667895426402,0.4102636662655805,0.5575218528523562,0.5150790985828686,0.5270428627045708,0.5033148539896033,0.0496176855222758,19
57,0.7303950309753418,0.03935728581568758,0.01600055694580078,0.0030329148689247527,10.0,balanced,5,linear,True,42,"{'svm__C': 10.0, 'svm__class_weight': 'balanced', 'svm__degree': 5, 'svm__kernel': 'linear', 'svm__probability': True, 'svm__random_state': 42}",0.6334661354581673,0.5258964143426295,0.649402390438247,0.616,0.656,0.6161529880478087,0.04720026418661954,53,0.5537839854111406,0.4702578313330566,0.5726842975996368,0.5853407922524508,0.5814137760166175,0.5526961365225804,0.04263135120260441,1,0.602796234772979,0.4898025101513473,0.6095749510621412,0.6327403332869145,0.6089205310309613,0.5887669120608686,0.050524408675536675,1,0.7658770342007313,0.7270284958554901,0.7625631964065279,0.8074196529816425,0.7642120195794101,0.7654200798047605,0.025486105488101988,9,0.5623055162659123,0.45880393146657955,0.5787990746618218,0.5742536320579,0.5827515711023286,0.5513827451109085,0.04679504141543698,1
58,0.3077976226806641,0.02426865604275995,0.015799951553344727,0.0021352296607219283,10.0,balanced,5,poly,True,42,"{'svm__C': 10.0, 'svm__class_weight': 'balanced', 'svm__degree': 5, 'svm__kernel': 'poly', 'svm__probability': True, 'svm__random_state': 42}",0.6533864541832669,0.6334661354581673,0.6573705179282868,0.696,0.636,0.6552446215139442,0.022421556632096704,37,0.50177304964539,0.4849812265331665,0.5050908521303258,0.5513888888888889,0.4531464595294383,0.49927609534544193,0.0319000815140733,32,0.456358434846807,0.4879752676264304,0.4647528539064809,0.5010293366754862,0.4399839855173375,0.4700199757145084,0.02191124803837321,32,0.679118148054048,0.6250057405666064,0.672863254706007,0.6834972102415856,0.6956394888053513,0.6712247684747197,0.024281186193547064,62,0.4701782546253273,0.48563948563948567,0.4731737458247777,0.5169809443218658,0.44285182969227527,0.47776485202074637,0.02407266331027982,24
59,0.1271984577178955,0.010457367116722793,0.017800092697143555,0.0027130484075791857,10.0,balanced,5,sigmoid,True,42,"{'svm__C': 10.0, 'svm__class_weight': 'balanced', 'svm__degree': 5, 'svm__kernel': 'sigmoid', 'svm__probability': True, 'svm__random_state': 42}",0.4262948207171315,0.3665338645418327,0.49800796812749004,0.532,0.46,0.4565673306772909,0.057343957198225784,93,0.3804175878162614,0.3883491786717593,0.4485256923220306,0.45575757575757575,0.37338042509863817,0.4092860919332531,0.035384479154611494,89,0.4067091177556294,0.3954595791805094,0.4785199878178979,0.5118692846864411,0.4033816088752727,0.4391879156631501,0.04707169985018664,77,0.6268695715476446,0.605236950866128,0.7009244649104321,0.6984608489359175,0.6713912684486907,0.6605766209417625,0.038415528389623685,68,0.359612710856492,0.3362523899388609,0.4278868445997647,0.4441880622386038,0.3550802139037433,0.38460404430749295,0.0430296683312985,91
60,0.2281984806060791,0.0070534642014972275,0.03840007781982422,0.0018545898095624627,10.0,balanced,6,rbf,True,42,"{'svm__C': 10.0, 'svm__class_weight': 'balanced', 'svm__degree': 6, 'svm__kernel': 'rbf', 'svm__probability': True, 'svm__random_state': 42}",0.6055776892430279,0.4820717131474104,0.6294820717131474,0.58,0.584,0.5762262948207171,0.050274125989459656,76,0.5021735372915046,0.428042328042328,0.5444472008600016,0.5226813932323985,0.5378293891029169,0.50703476970583,0.042086227763977836,23,0.5335086747877446,0.4379752676264304,0.5873267645084194,0.5473912639836606,0.5482244812700182,0.5308852904352547,0.049795359584872724,17,0.7218193592609475,0.6685836699493996,0.7264726850591989,0.7510275379652119,0.7118142832406008,0.7159435070950717,0.026967695910023022,22,0.5066667895426402,0.4102636662655805,0.5575218528523562,0.5150790985828686,0.5270428627045708,0.5033148539896033,0.0496176855222758,19
61,0.7951953887939454,0.05133118747713278,0.01739959716796875,0.0017436465341485363,10.0,balanced,6,linear,True,42,"{'svm__C': 10.0, 'svm__class_weight': 'balanced', 'svm__degree': 6, 'svm__kernel': 'linear', 'svm__probability': True, 'svm__random_state': 42}",0.6334661354581673,0.5258964143426295,0.649402390438247,0.616,0.656,0.6161529880478087,0.04720026418661954,53,0.5537839854111406,0.4702578313330566,0.5726842975996368,0.5853407922524508,0.5814137760166175,0.5526961365225804,0.04263135120260441,1,0.602796234772979,0.4898025101513473,0.6095749510621412,0.6327403332869145,0.6089205310309613,0.5887669120608686,0.050524408675536675,1,0.7658770342007313,0.7270284958554901,0.7625631964065279,0.8074196529816425,0.7642120195794101,0.7654200798047605,0.025486105488101988,9,0.5623055162659123,0.45880393146657955,0.5787990746618218,0.5742536320579,0.5827515711023286,0.5513827451109085,0.04679504141543698,1
62,0.30519862174987794,0.018025705443160827,0.01739964485168457,0.0025769551398977723,10.0,balanced,6,poly,True,42,"{'svm__C': 10.0, 'svm__class_weight': 'balanced', 'svm__degree': 6, 'svm__kernel': 'poly', 'svm__probability': True, 'svm__random_state': 42}",0.6533864541832669,0.6135458167330677,0.6334661354581673,0.64,0.648,0.6376796812749005,0.01384769265142697,40,0.46451575799401884,0.453411306042885,0.4068218416044503,0.4783791523482244,0.4824389814080536,0.4571134078795264,0.027171155831077782,58,0.42000738279808053,0.4480527870062754,0.39294864609974606,0.43337511024462705,0.44655340481827044,0.4281874661933999,0.020334888882511698,89,0.6092201246489125,0.5587247808681653,0.6272675400747957,0.6503681043950911,0.6538277966080006,0.619881669318993,0.03461256103824497,89,0.42340621506818693,0.45053340204475717,0.3823818080784025,0.4439146220268311,0.4560429935909009,0.4312558081618157,0.026819991617335004,63
63,0.13279943466186522,0.014454981653057758,0.018399763107299804,0.0033822000048498993,10.0,balanced,6,sigmoid,True,42,"{'svm__C': 10.0, 'svm__class_weight': 'balanced', 'svm__degree': 6, 'svm__kernel': 'sigmoid', 'svm__probability': True, 'svm__random_state': 42}",0.4262948207171315,0.3665338645418327,0.49800796812749004,0.532,0.46,0.4565673306772909,0.057343957198225784,93,0.3804175878162614,0.3883491786717593,0.4485256923220306,0.45575757575757575,0.37338042509863817,0.4092860919332531,0.035384479154611494,89,0.4067091177556294,0.3954595791805094,0.4785199878178979,0.5118692846864411,0.4033816088752727,0.4391879156631501,0.04707169985018664,77,0.6268695715476446,0.605236950866128,0.7009244649104321,0.6984608489359175,0.6713912684486907,0.6605766209417625,0.038415528389623685,68,0.359612710856492,0.3362523899388609,0.4278868445997647,0.4441880622386038,0.3550802139037433,0.38460404430749295,0.0430296683312985,91
64,0.4803969383239746,0.028916967886265757,0.03280010223388672,0.00365560448924355,100.0,,3,rbf,True,42,"{'svm__C': 100.0, 'svm__class_weight': None, 'svm__degree': 3, 'svm__kernel': 'rbf', 'svm__probability': True, 'svm__random_state': 42}",0.6972111553784861,0.6135458167330677,0.649402390438247,0.684,0.644,0.6576318725099602,0.029862787602558186,32,0.556030701754386,0.4282446293619478,0.4242158795045867,0.514510586409489,0.4071187954056577,0.4660241184872135,0.05847594092572649,41,0.47067183462532297,0.4238187523071244,0.4235782547214137,0.4766107320243235,0.4422318154388896,0.44738227782341483,0.022561491548103843,49,0.6643998603823963,0.6368926602864283,0.6813896146568154,0.7218183055221665,0.6626957756530211,0.6734392433001656,0.028058964117686755,52,0.4767698202180961,0.4250580846181918,0.40652340603934284,0.4867590795568635,0.42349833268372955,0.4437217446232447,0.031891762219650496,51
65,74.12659201622009,15.082868143405353,0.008800220489501954,0.00039861280315260417,100.0,,3,linear,True,42,"{'svm__C': 100.0, 'svm__class_weight': None, 'svm__degree': 3, 'svm__kernel': 'linear', 'svm__probability': True, 'svm__random_state': 42}",0.7171314741035857,0.701195219123506,0.7250996015936255,0.724,0.748,0.7230852589641434,0.01510139097345621,1,0.4574780058651027,0.4072751322751323,0.469837710869101,0.45656565656565656,0.5081230886850153,0.45985591885200156,0.03228180685367567,50,0.4724990771502399,0.4472591362126246,0.472636123102632,0.4706401151186,0.5171517430255768,0.47603723892193467,0.022679491908433564,24,0.7296211729805245,0.6901025495368204,0.730990737883716,0.7716519921581235,0.7557195136002962,0.7356171932318961,0.027682301770194952,17,0.45509426952725923,0.42134081196581197,0.45703623450102326,0.45258574917702027,0.5027417027417026,0.45775975358256343,0.026015816978671828,30
66,1.9239883899688721,0.1464556672190848,0.01479964256286621,0.00222670882753569,100.0,,3,poly,True,42,"{'svm__C': 100.0, 'svm__class_weight': None, 'svm__degree': 3, 'svm__kernel': 'poly', 'svm__probability': True, 'svm__random_state': 42}",0.6932270916334662,0.6573705179282868,0.6653386454183267,0.704,0.68,0.6799872509960159,0.017193044625069397,25,0.5227028839704896,0.45303030303030306,0.5035345848131235,0.5636868769406765,0.5224250619788146,0.5130759421466815,0.03588333052518281,20,0.45080287929125146,0.450249169435216,0.4089167099720015,0.4687415865942534,0.4734519333426171,0.4504324557270679,0.022754553723971345,48,0.6827318036425988,0.6044576568193077,0.6386254918539046,0.6829509822008886,0.6794335901168154,0.657639904926703,0.031416932206610626,76,0.45381094968762703,0.44096133751306166,0.3997232323882471,0.47661375661375666,0.4826009859895945,0.4507420524384574,0.029638951526811903,40
67,0.08219947814941406,0.002786403683173159,0.013799571990966797,0.000399780330312157,100.0,,3,sigmoid,True,42,"{'svm__C': 100.0, 'svm__class_weight': None, 'svm__degree': 3, 'svm__kernel': 'sigmoid', 'svm__probability': True, 'svm__random_state': 42}",0.5258964143426295,0.5657370517928287,0.6334661354581673,0.608,0.608,0.588219920318725,0.037998478556766004,67,0.41057043437995816,0.3885424007517031,0.46219667943805876,0.45834112714766345,0.4000683994528044,0.42394380823403754,0.03049130901827393,77,0.4165190107050572,0.38847360649686236,0.46928830937104804,0.49624588033235856,0.4536287889337604,0.4448311191678173,0.03820150659756328,63,0.6473100471029418,0.6129793143487122,0.6950294192302658,0.6719421293764128,0.6622884366763442,0.6579098693469354,0.02729486457554502,72,0.41080106324430027,0.38365596238495403,0.4622122553811358,0.45823487768251864,0.41127109410295254,0.4252350505591723,0.03029341482808662,66
68,0.4903975486755371,0.02257965678939531,0.03439931869506836,0.0038784629115333176,100.0,,4,rbf,True,42,"{'svm__C': 100.0, 'svm__class_weight': None, 'svm__degree': 4, 'svm__kernel': 'rbf', 'svm__probability': True, 'svm__random_state': 42}",0.6972111553784861,0.6135458167330677,0.649402390438247,0.684,0.644,0.6576318725099602,0.029862787602558186,32,0.556030701754386,0.4282446293619478,0.4242158795045867,0.514510586409489,0.4071187954056577,0.4660241184872135,0.05847594092572649,41,0.47067183462532297,0.4238187523071244,0.4235782547214137,0.4766107320243235,0.4422318154388896,0.44738227782341483,0.022561491548103843,49,0.6643998603823963,0.6368926602864283,0.6813896146568154,0.7218183055221665,0.6626957756530211,0.6734392433001656,0.028058964117686755,52,0.4767698202180961,0.4250580846181918,0.40652340603934284,0.4867590795568635,0.42349833268372955,0.4437217446232447,0.031891762219650496,51
69,74.58118886947632,15.101436162864779,0.010200071334838866,0.002925301122799048,100.0,,4,linear,True,42,"{'svm__C': 100.0, 'svm__class_weight': None, 'svm__degree': 4, 'svm__kernel': 'linear', 'svm__probability': True, 'svm__random_state': 42}",0.7171314741035857,0.701195219123506,0.7250996015936255,0.724,0.748,0.7230852589641434,0.01510139097345621,1,0.4574780058651027,0.4072751322751323,0.469837710869101,0.45656565656565656,0.5081230886850153,0.45985591885200156,0.03228180685367567,50,0.4724990771502399,0.4472591362126246,0.472636123102632,0.4706401151186,0.5171517430255768,0.47603723892193467,0.022679491908433564,24,0.7296211729805245,0.6901025495368204,0.730990737883716,0.7716519921581235,0.7557195136002962,0.7356171932318961,0.027682301770194952,17,0.45509426952725923,0.42134081196581197,0.45703623450102326,0.45258574917702027,0.5027417027417026,0.45775975358256343,0.026015816978671828,30
70,1.2047919273376464,0.12561091200968863,0.014000606536865235,0.001548711972183703,100.0,,4,poly,True,42,"{'svm__C': 100.0, 'svm__class_weight': None, 'svm__degree': 4, 'svm__kernel': 'poly', 'svm__probability': True, 'svm__random_state': 42}",0.6733067729083665,0.6653386454183267,0.6653386454183267,0.656,0.66,0.663996812749004,0.005834379389225098,30,0.45302412504247364,0.4935550935550936,0.46482558139534885,0.4705537220388705,0.49941709844559584,0.47627512409547645,0.017541857072984047,37,0.40569398301956444,0.4744278331487634,0.420050426656613,0.43327763078494175,0.46463468412013187,0.43961691154600296,0.02612082731732865,72,0.6216379540769297,0.5331911003488529,0.6004116178871037,0.609202137598591,0.6310680204886512,0.5991021660800256,0.03457649566756214,96,0.397870539446155,0.47938823712740913,0.4045297653674617,0.4376068638658359,0.47424501424501425,0.4387280840103752,0.033925864661714565,56
71,0.09779915809631348,0.014076762105135567,0.017399978637695313,0.0029397684222611637,100.0,,4,sigmoid,True,42,"{'svm__C': 100.0, 'svm__class_weight': None, 'svm__degree': 4, 'svm__kernel': 'sigmoid', 'svm__probability': True, 'svm__random_state': 42}",0.5258964143426295,0.5657370517928287,0.6334661354581673,0.608,0.608,0.588219920318725,0.037998478556766004,67,0.41057043437995816,0.3885424007517031,0.46219667943805876,0.45834112714766345,0.4000683994528044,0.42394380823403754,0.03049130901827393,77,0.4165190107050572,0.38847360649686236,0.46928830937104804,0.49624588033235856,0.4536287889337604,0.4448311191678173,0.03820150659756328,63,0.6473100471029418,0.6129793143487122,0.6950294192302658,0.6719421293764128,0.6622884366763442,0.6579098693469354,0.02729486457554502,72,0.41080106324430027,0.38365596238495403,0.4622122553811358,0.45823487768251864,0.41127109410295254,0.4252350505591723,0.03029341482808662,66
72,0.48959670066833494,0.045967265232328774,0.03400001525878906,0.0033467537569219323,100.0,,5,rbf,True,42,"{'svm__C': 100.0, 'svm__class_weight': None, 'svm__degree': 5, 'svm__kernel': 'rbf', 'svm__probability': True, 'svm__random_state': 42}",0.6972111553784861,0.6135458167330677,0.649402390438247,0.684,0.644,0.6576318725099602,0.029862787602558186,32,0.556030701754386,0.4282446293619478,0.4242158795045867,0.514510586409489,0.4071187954056577,0.4660241184872135,0.05847594092572649,41,0.47067183462532297,0.4238187523071244,0.4235782547214137,0.4766107320243235,0.4422318154388896,0.44738227782341483,0.022561491548103843,49,0.6643998603823963,0.6368926602864283,0.6813896146568154,0.7218183055221665,0.6626957756530211,0.6734392433001656,0.028058964117686755,52,0.4767698202180961,0.4250580846181918,0.40652340603934284,0.4867590795568635,0.42349833268372955,0.4437217446232447,0.031891762219650496,51
73,74.42039008140564,14.923674856203478,0.009399938583374023,0.0007996328881712623,100.0,,5,linear,True,42,"{'svm__C': 100.0, 'svm__class_weight': None, 'svm__degree': 5, 'svm__kernel': 'linear', 'svm__probability': True, 'svm__random_state': 42}",0.7171314741035857,0.701195219123506,0.7250996015936255,0.724,0.748,0.7230852589641434,0.01510139097345621,1,0.4574780058651027,0.4072751322751323,0.469837710869101,0.45656565656565656,0.5081230886850153,0.45985591885200156,0.03228180685367567,50,0.4724990771502399,0.4472591362126246,0.472636123102632,0.4706401151186,0.5171517430255768,0.47603723892193467,0.022679491908433564,24,0.7296211729805245,0.6901025495368204,0.730990737883716,0.7716519921581235,0.7557195136002962,0.7356171932318961,0.027682301770194952,17,0.45509426952725923,0.42134081196581197,0.45703623450102326,0.45258574917702027,0.5027417027417026,0.45775975358256343,0.026015816978671828,30
74,0.9213938236236572,0.035510562155011915,0.012800455093383789,0.00040030594451266475,100.0,,5,poly,True,42,"{'svm__C': 100.0, 'svm__class_weight': None, 'svm__degree': 5, 'svm__kernel': 'poly', 'svm__probability': True, 'svm__random_state': 42}",0.6653386454183267,0.6454183266932271,0.6374501992031872,0.66,0.644,0.6504414342629483,0.010476535234096323,39,0.4627204655949466,0.46070239230293947,0.44177188463325034,0.46150444537541313,0.4415489944373128,0.4536496364687725,0.009810462324398828,63,0.43691399040236245,0.45122739018087854,0.41872466071826847,0.43527363876897374,0.44915053613702827,0.4382580432415023,0.01165432574113163,81,0.6565474500178653,0.5710996285632369,0.6529960015082934,0.646074112553961,0.6559107360997996,0.6365255857486313,0.0329231345288577,85,0.43808636222429326,0.44933855260166916,0.41756171094780475,0.4383351238055931,0.4408995236512685,0.43684425464612575,0.010470288455147914,58
75,0.09899916648864746,0.009316600918223793,0.019600105285644532,0.0030063430429769196,100.0,,5,sigmoid,True,42,"{'svm__C': 100.0, 'svm__class_weight': None, 'svm__degree': 5, 'svm__kernel': 'sigmoid', 'svm__probability': True, 'svm__random_state': 42}",0.5258964143426295,0.5657370517928287,0.6334661354581673,0.608,0.608,0.588219920318725,0.037998478556766004,67,0.41057043437995816,0.3885424007517031,0.46219667943805876,0.45834112714766345,0.4000683994528044,0.42394380823403754,0.03049130901827393,77,0.4165190107050572,0.38847360649686236,0.46928830937104804,0.49624588033235856,0.4536287889337604,0.4448311191678173,0.03820150659756328,63,0.6473100471029418,0.6129793143487122,0.6950294192302658,0.6719421293764128,0.6622884366763442,0.6579098693469354,0.02729486457554502,72,0.41080106324430027,0.38365596238495403,0.4622122553811358,0.45823487768251864,0.41127109410295254,0.4252350505591723,0.03029341482808662,66
76,0.4949968338012695,0.009402257419145514,0.03659987449645996,0.005161318557295127,100.0,,6,rbf,True,42,"{'svm__C': 100.0, 'svm__class_weight': None, 'svm__degree': 6, 'svm__kernel': 'rbf', 'svm__probability': True, 'svm__random_state': 42}",0.6972111553784861,0.6135458167330677,0.649402390438247,0.684,0.644,0.6576318725099602,0.029862787602558186,32,0.556030701754386,0.4282446293619478,0.4242158795045867,0.514510586409489,0.4071187954056577,0.4660241184872135,0.05847594092572649,41,0.47067183462532297,0.4238187523071244,0.4235782547214137,0.4766107320243235,0.4422318154388896,0.44738227782341483,0.022561491548103843,49,0.6643998603823963,0.6368926602864283,0.6813896146568154,0.7218183055221665,0.6626957756530211,0.6734392433001656,0.028058964117686755,52,0.4767698202180961,0.4250580846181918,0.40652340603934284,0.4867590795568635,0.42349833268372955,0.4437217446232447,0.031891762219650496,51
77,73.80179347991944,14.788387424310368,0.009200716018676757,0.0004007113081298432,100.0,,6,linear,True,42,"{'svm__C': 100.0, 'svm__class_weight': None, 'svm__degree': 6, 'svm__kernel': 'linear', 'svm__probability': True, 'svm__random_state': 42}",0.7171314741035857,0.701195219123506,0.7250996015936255,0.724,0.748,0.7230852589641434,0.01510139097345621,1,0.4574780058651027,0.4072751322751323,0.469837710869101,0.45656565656565656,0.5081230886850153,0.45985591885200156,0.03228180685367567,50,0.4724990771502399,0.4472591362126246,0.472636123102632,0.4706401151186,0.5171517430255768,0.47603723892193467,0.022679491908433564,24,0.7296211729805245,0.6901025495368204,0.730990737883716,0.7716519921581235,0.7557195136002962,0.7356171932318961,0.027682301770194952,17,0.45509426952725923,0.42134081196581197,0.45703623450102326,0.45258574917702027,0.5027417027417026,0.45775975358256343,0.026015816978671828,30
78,0.7027958869934082,0.04029577448793771,0.016399955749511717,0.001959313517710418,100.0,,6,poly,True,42,"{'svm__C': 100.0, 'svm__class_weight': None, 'svm__degree': 6, 'svm__kernel': 'poly', 'svm__probability': True, 'svm__random_state': 42}",0.6533864541832669,0.5936254980079682,0.6175298804780877,0.612,0.632,0.6217083665338646,0.02004883332087662,47,0.45245436824384183,0.42932709874851555,0.4093048713738369,0.4180414565531286,0.4518259518259518,0.43219074934905494,0.017483259530792845,72,0.4136581764488741,0.41622369878183835,0.3910986874803994,0.3946351483080351,0.4443253028826069,0.41198820278035075,0.018994297199115166,93,0.6068826948758501,0.5530061437848542,0.632988091558557,0.6213064626055701,0.6595790550815704,0.6147524895812804,0.035382079091952796,90,0.41413299344333826,0.4204067651466496,0.3862595678385152,0.3983949194114194,0.4441286573882688,0.41266458064563827,0.01976326752003318,75
79,0.08839902877807618,0.011146238058096995,0.015200138092041016,0.002482308168595895,100.0,,6,sigmoid,True,42,"{'svm__C': 100.0, 'svm__class_weight': None, 'svm__degree': 6, 'svm__kernel': 'sigmoid', 'svm__probability': True, 'svm__random_state': 42}",0.5258964143426295,0.5657370517928287,0.6334661354581673,0.608,0.608,0.588219920318725,0.037998478556766004,67,0.41057043437995816,0.3885424007517031,0.46219667943805876,0.45834112714766345,0.4000683994528044,0.42394380823403754,0.03049130901827393,77,0.4165190107050572,0.38847360649686236,0.46928830937104804,0.49624588033235856,0.4536287889337604,0.4448311191678173,0.03820150659756328,63,0.6473100471029418,0.6129793143487122,0.6950294192302658,0.6719421293764128,0.6622884366763442,0.6579098693469354,0.02729486457554502,72,0.41080106324430027,0.38365596238495403,0.4622122553811358,0.45823487768251864,0.41127109410295254,0.4252350505591723,0.03029341482808662,66
80,0.48499693870544436,0.046065048624527156,0.03880019187927246,0.0038675430452582886,100.0,balanced,3,rbf,True,42,"{'svm__C': 100.0, 'svm__class_weight': 'balanced', 'svm__degree': 3, 'svm__kernel': 'rbf', 'svm__probability': True, 'svm__random_state': 42}",0.6055776892430279,0.4860557768924303,0.5816733067729084,0.544,0.54,0.5514613545816733,0.04075846853425459,81,0.4469365198531865,0.41020389261567364,0.4893890240605569,0.44967014117957516,0.4521329365079365,0.44966650284338583,0.025094670403170618,65,0.46138796603912885,0.42207456626061274,0.5273265154319834,0.45512347398226805,0.4658021166968389,0.4663429276821664,0.0341450027398415,37,0.6607960294557393,0.6352394188950986,0.7113036670296937,0.6760816661529035,0.6902594804560828,0.6747360523979036,0.025823579273978204,48,0.4521281459300066,0.4018685844243654,0.49953159598024194,0.44403434729521685,0.4478390126615263,0.44908033725827146,0.031017966250037332,42
81,5.119371128082276,0.23595274184551246,0.017400074005126952,0.006375003544347375,100.0,balanced,3,linear,True,42,"{'svm__C': 100.0, 'svm__class_weight': 'balanced', 'svm__degree': 3, 'svm__kernel': 'linear', 'svm__probability': True, 'svm__random_state': 42}",0.6334661354581673,0.5258964143426295,0.649402390438247,0.616,0.656,0.6161529880478087,0.04720026418661954,53,0.5537839854111406,0.46875024026448314,0.5726842975996368,0.5853407922524508,0.5814137760166175,0.5523946183088657,0.043214685690600954,5,0.602796234772979,0.4898025101513473,0.6095749510621412,0.6327403332869145,0.6089205310309613,0.5887669120608686,0.050524408675536675,1,0.7659726547782796,0.727346090825214,0.7629759112605105,0.8064636919452726,0.764620685707501,0.7654758069033555,0.025064355314687932,5,0.5623055162659123,0.4579979289178843,0.5787990746618218,0.5742536320579,0.5827515711023286,0.5512215446011693,0.047113982504038296,5
82,1.366991901397705,0.11474629622763191,0.014799976348876953,0.0016000747893816921,100.0,balanced,3,poly,True,42,"{'svm__C': 100.0, 'svm__class_weight': 'balanced', 'svm__degree': 3, 'svm__kernel': 'poly', 'svm__probability': True, 'svm__random_state': 42}",0.5697211155378487,0.46613545816733065,0.6215139442231076,0.636,0.612,0.5810741035856574,0.06156042304101823,75,0.49495099897124906,0.40899721982552006,0.504156258075631,0.5488366978933016,0.5083463745435576,0.4930575098618518,0.04590853313843915,34,0.5127906976744186,0.4173403469915098,0.524262875270446,0.5874286311098732,0.5362658404121988,0.5156176782916893,0.05536122224320458,22,0.7028578322755971,0.5891916104360614,0.6464840351542981,0.7095859479623904,0.7087877126208711,0.6713814276898437,0.04738064115759062,61,0.4909316893705877,0.3947332116811207,0.5117884837485563,0.5553710781971651,0.5164087394967528,0.49384664049883653,0.053755340565509055,23
83,0.1343984603881836,0.012611883080256842,0.018401098251342774,0.002416130339388589,100.0,balanced,3,sigmoid,True,42,"{'svm__C': 100.0, 'svm__class_weight': 'balanced', 'svm__degree': 3, 'svm__kernel': 'sigmoid', 'svm__probability': True, 'svm__random_state': 42}",0.4302788844621514,0.4302788844621514,0.5338645418326693,0.516,0.412,0.46448446215139444,0.050124061993900695,89,0.42095312095312093,0.35402062717915744,0.429617146314061,0.45235436098838155,0.4036966711786234,0.4121283853226688,0.03301353418854647,85,0.4191122185308232,0.35159653008490216,0.44468068967000773,0.5102225780996147,0.41629067446502344,0.4283805381700742,0.051169648991790204,85,0.6520982981920638,0.5831481737836519,0.6871900330637564,0.7072299968215323,0.638785145767945,0.6536903295257899,0.04287101798334435,80,0.38953094346352773,0.34069924266002705,0.42842404628812397,0.4408708938120703,0.3520196149169572,0.3903089482281412,0.039842370071917134,87
84,0.4963963031768799,0.026739456774524575,0.03999991416931152,0.004604239893835589,100.0,balanced,4,rbf,True,42,"{'svm__C': 100.0, 'svm__class_weight': 'balanced', 'svm__degree': 4, 'svm__kernel': 'rbf', 'svm__probability': True, 'svm__random_state': 42}",0.6055776892430279,0.4860557768924303,0.5816733067729084,0.544,0.54,0.5514613545816733,0.04075846853425459,81,0.4469365198531865,0.41020389261567364,0.4893890240605569,0.44967014117957516,0.4521329365079365,0.44966650284338583,0.025094670403170618,65,0.46138796603912885,0.42207456626061274,0.5273265154319834,0.45512347398226805,0.4658021166968389,0.4663429276821664,0.0341450027398415,37,0.6607960294557393,0.6352394188950986,0.7113036670296937,0.6760816661529035,0.6902594804560828,0.6747360523979036,0.025823579273978204,48,0.4521281459300066,0.4018685844243654,0.49953159598024194,0.44403434729521685,0.4478390126615263,0.44908033725827146,0.031017966250037332,42
85,5.050371313095093,0.19396591771525076,0.01600031852722168,0.001788511564296548,100.0,balanced,4,linear,True,42,"{'svm__C': 100.0, 'svm__class_weight': 'balanced', 'svm__degree': 4, 'svm__kernel': 'linear', 'svm__probability': True, 'svm__random_state': 42}",0.6334661354581673,0.5258964143426295,0.649402390438247,0.616,0.656,0.6161529880478087,0.04720026418661954,53,0.5537839854111406,0.46875024026448314,0.5726842975996368,0.5853407922524508,0.5814137760166175,0.5523946183088657,0.043214685690600954,5,0.602796234772979,0.4898025101513473,0.6095749510621412,0.6327403332869145,0.6089205310309613,0.5887669120608686,0.050524408675536675,1,0.7659726547782796,0.727346090825214,0.7629759112605105,0.8064636919452726,0.764620685707501,0.7654758069033555,0.025064355314687932,5,0.5623055162659123,0.4579979289178843,0.5787990746618218,0.5742536320579,0.5827515711023286,0.5512215446011693,0.047113982504038296,5
86,0.9083944320678711,0.12950556859133658,0.01680002212524414,0.002226905834720373,100.0,balanced,4,poly,True,42,"{'svm__C': 100.0, 'svm__class_weight': 'balanced', 'svm__degree': 4, 'svm__kernel': 'poly', 'svm__probability': True, 'svm__random_state': 42}",0.5378486055776892,0.5298804780876494,0.5697211155378487,0.584,0.616,0.5674900398406375,0.03138109774469297,80,0.4451201334072737,0.4217459600805162,0.4324716164338806,0.44564793866264457,0.4910308996445174,0.4472033096457665,0.023633518058092176,70,0.4426818014027316,0.43062015503875967,0.44424254157595194,0.4411293691686395,0.4979703383929815,0.45132884111581284,0.02380460086732596,47,0.577616511293139,0.5372173751582437,0.6271613029719193,0.6273127183715393,0.6424276990519655,0.6023471213693614,0.039240194357107586,95,0.4339504952759116,0.4210950399577307,0.4365020463013865,0.44189834679877205,0.49385097947660367,0.4454593815620809,0.025142542344163462,50
87,0.11979923248291016,0.010265482398792323,0.01839933395385742,0.006799173355938573,100.0,balanced,4,sigmoid,True,42,"{'svm__C': 100.0, 'svm__class_weight': 'balanced', 'svm__degree': 4, 'svm__kernel': 'sigmoid', 'svm__probability': True, 'svm__random_state': 42}",0.4302788844621514,0.4302788844621514,0.5338645418326693,0.516,0.412,0.46448446215139444,0.050124061993900695,89,0.42095312095312093,0.35402062717915744,0.429617146314061,0.45235436098838155,0.4036966711786234,0.4121283853226688,0.03301353418854647,85,0.4191122185308232,0.35159653008490216,0.44468068967000773,0.5102225780996147,0.41629067446502344,0.4283805381700742,0.051169648991790204,85,0.6520982981920638,0.5831481737836519,0.6871900330637564,0.7072299968215323,0.638785145767945,0.6536903295257899,0.04287101798334435,80,0.38953094346352773,0.34069924266002705,0.42842404628812397,0.4408708938120703,0.3520196149169572,0.3903089482281412,0.039842370071917134,87
88,0.4557971000671387,0.0127340970340807,0.03399949073791504,0.0008942024437547447,100.0,balanced,5,rbf,True,42,"{'svm__C': 100.0, 'svm__class_weight': 'balanced', 'svm__degree': 5, 'svm__kernel': 'rbf', 'svm__probability': True, 'svm__random_state': 42}",0.6055776892430279,0.4860557768924303,0.5816733067729084,0.544,0.54,0.5514613545816733,0.04075846853425459,81,0.4469365198531865,0.41020389261567364,0.4893890240605569,0.44967014117957516,0.4521329365079365,0.44966650284338583,0.025094670403170618,65,0.46138796603912885,0.42207456626061274,0.5273265154319834,0.45512347398226805,0.4658021166968389,0.4663429276821664,0.0341450027398415,37,0.6607960294557393,0.6352394188950986,0.7113036670296937,0.6760816661529035,0.6902594804560828,0.6747360523979036,0.025823579273978204,48,0.4521281459300066,0.4018685844243654,0.49953159598024194,0.44403434729521685,0.4478390126615263,0.44908033725827146,0.031017966250037332,42
89,4.796773624420166,0.24207382267314337,0.01399979591369629,0.002967132428478164,100.0,balanced,5,linear,True,42,"{'svm__C': 100.0, 'svm__class_weight': 'balanced', 'svm__degree': 5, 'svm__kernel': 'linear', 'svm__probability': True, 'svm__random_state': 42}",0.6334661354581673,0.5258964143426295,0.649402390438247,0.616,0.656,0.6161529880478087,0.04720026418661954,53,0.5537839854111406,0.46875024026448314,0.5726842975996368,0.5853407922524508,0.5814137760166175,0.5523946183088657,0.043214685690600954,5,0.602796234772979,0.4898025101513473,0.6095749510621412,0.6327403332869145,0.6089205310309613,0.5887669120608686,0.050524408675536675,1,0.7659726547782796,0.727346090825214,0.7629759112605105,0.8064636919452726,0.764620685707501,0.7654758069033555,0.025064355314687932,5,0.5623055162659123,0.4579979289178843,0.5787990746618218,0.5742536320579,0.5827515711023286,0.5512215446011693,0.047113982504038296,5
90,0.7301952838897705,0.035515538463665945,0.015400123596191407,0.0018545534569259308,100.0,balanced,5,poly,True,42,"{'svm__C': 100.0, 'svm__class_weight': 'balanced', 'svm__degree': 5, 'svm__kernel': 'poly', 'svm__probability': True, 'svm__random_state': 42}",0.6095617529880478,0.5856573705179283,0.6573705179282868,0.66,0.608,0.6241179282868526,0.029475895724389765,46,0.44250626566416046,0.43579721758556866,0.48909071074019533,0.5046068796068797,0.43883059340149555,0.4621663333996599,0.02881849180989874,45,0.43337024732373575,0.446280915466962,0.45824063727338293,0.4899839855173374,0.44327971963050644,0.4542311010423849,0.01955841789332646,45,0.6732527337611733,0.5816853261489738,0.6747038981528029,0.6621814534250672,0.6772541821886771,0.6538155187353388,0.036431454027821115,79,0.4372688703754464,0.4394515059408676,0.463618481849678,0.4961436522661013,0.4407981168583084,0.4554561254580804,0.02246722149736994,35
91,0.1353994846343994,0.01808485348924124,0.018399620056152345,0.0028703319682601637,100.0,balanced,5,sigmoid,True,42,"{'svm__C': 100.0, 'svm__class_weight': 'balanced', 'svm__degree': 5, 'svm__kernel': 'sigmoid', 'svm__probability': True, 'svm__random_state': 42}",0.4302788844621514,0.4302788844621514,0.5338645418326693,0.516,0.412,0.46448446215139444,0.050124061993900695,89,0.42095312095312093,0.35402062717915744,0.429617146314061,0.45235436098838155,0.4036966711786234,0.4121283853226688,0.03301353418854647,85,0.4191122185308232,0.35159653008490216,0.44468068967000773,0.5102225780996147,0.41629067446502344,0.4283805381700742,0.051169648991790204,85,0.6520982981920638,0.5831481737836519,0.6871900330637564,0.7072299968215323,0.638785145767945,0.6536903295257899,0.04287101798334435,80,0.38953094346352773,0.34069924266002705,0.42842404628812397,0.4408708938120703,0.3520196149169572,0.3903089482281412,0.039842370071917134,87
92,0.47919692993164065,0.02329278332638699,0.03679971694946289,0.0038670794831112956,100.0,balanced,6,rbf,True,42,"{'svm__C': 100.0, 'svm__class_weight': 'balanced', 'svm__degree': 6, 'svm__kernel': 'rbf', 'svm__probability': True, 'svm__random_state': 42}",0.6055776892430279,0.4860557768924303,0.5816733067729084,0.544,0.54,0.5514613545816733,0.04075846853425459,81,0.4469365198531865,0.41020389261567364,0.4893890240605569,0.44967014117957516,0.4521329365079365,0.44966650284338583,0.025094670403170618,65,0.46138796603912885,0.42207456626061274,0.5273265154319834,0.45512347398226805,0.4658021166968389,0.4663429276821664,0.0341450027398415,37,0.6607960294557393,0.6352394188950986,0.7113036670296937,0.6760816661529035,0.6902594804560828,0.6747360523979036,0.025823579273978204,48,0.4521281459300066,0.4018685844243654,0.49953159598024194,0.44403434729521685,0.4478390126615263,0.44908033725827146,0.031017966250037332,42
93,4.586574411392212,0.35687366714780866,0.014399957656860352,0.003382493187343927,100.0,balanced,6,linear,True,42,"{'svm__C': 100.0, 'svm__class_weight': 'balanced', 'svm__degree': 6, 'svm__kernel': 'linear', 'svm__probability': True, 'svm__random_state': 42}",0.6334661354581673,0.5258964143426295,0.649402390438247,0.616,0.656,0.6161529880478087,0.04720026418661954,53,0.5537839854111406,0.46875024026448314,0.5726842975996368,0.5853407922524508,0.5814137760166175,0.5523946183088657,0.043214685690600954,5,0.602796234772979,0.4898025101513473,0.6095749510621412,0.6327403332869145,0.6089205310309613,0.5887669120608686,0.050524408675536675,1,0.7659726547782796,0.727346090825214,0.7629759112605105,0.8064636919452726,0.764620685707501,0.7654758069033555,0.025064355314687932,5,0.5623055162659123,0.4579979289178843,0.5787990746618218,0.5742536320579,0.5827515711023286,0.5512215446011693,0.047113982504038296,5
94,0.5385961532592773,0.03260417776146089,0.01620006561279297,0.002315016082409727,100.0,balanced,6,poly,True,42,"{'svm__C': 100.0, 'svm__class_weight': 'balanced', 'svm__degree': 6, 'svm__kernel': 'poly', 'svm__probability': True, 'svm__random_state': 42}",0.649402390438247,0.5856573705179283,0.6374501992031872,0.6,0.608,0.6161019920318725,0.023733747638579824,61,0.4737484737484738,0.43217313699241416,0.4619674557755053,0.4148776997137653,0.4605432500169342,0.4486620032494185,0.021729206012208763,69,0.45379291251384274,0.4347452934662237,0.42523687735136645,0.40015898435686764,0.45769855637562085,0.4343265248127842,0.02085861926622571,82,0.6000217114867826,0.5638382989726974,0.6015199385624729,0.6194945432517184,0.6575449742864112,0.6084838933120165,0.030468207559286524,92,0.4589324797813257,0.433387769914716,0.4299235011563778,0.4044444444444444,0.4589612499114762,0.43712988904166805,0.02042662503117209,57
95,0.1253995418548584,0.015435106898554079,0.015599727630615234,0.0017436301204668229,100.0,balanced,6,sigmoid,True,42,"{'svm__C': 100.0, 'svm__class_weight': 'balanced', 'svm__degree': 6, 'svm__kernel': 'sigmoid', 'svm__probability': True, 'svm__random_state': 42}",0.4302788844621514,0.4302788844621514,0.5338645418326693,0.516,0.412,0.46448446215139444,0.050124061993900695,89,0.42095312095312093,0.35402062717915744,0.429617146314061,0.45235436098838155,0.4036966711786234,0.4121283853226688,0.03301353418854647,85,0.4191122185308232,0.35159653008490216,0.44468068967000773,0.5102225780996147,0.41629067446502344,0.4283805381700742,0.051169648991790204,85,0.6520982981920638,0.5831481737836519,0.6871900330637564,0.7072299968215323,0.638785145767945,0.6536903295257899,0.04287101798334435,80,0.38953094346352773,0.34069924266002705,0.42842404628812397,0.4408708938120703,0.3520196149169572,0.3903089482281412,0.039842370071917134,87
