,0,1
0,-51.76490694606745,0.3538442959269686
1,18.819130363531272,4.174510776441295
2,-10.741751611763661,14.314402861243197
3,3.3448484885820653,-16.745377088317138
4,-0.047962707000738285,-11.981981709939129
5,57.85838720308664,-23.215775684820393
6,-0.7604568906117548,-2.0274116560670183
7,59.28289191512815,3.897524312976373
8,19.047716007237078,-0.6996959863108204
9,53.58692694457186,-5.019287965753162
10,-51.986671245648175,-8.599057075864144
11,8.10347909216119,-0.024751776378726824
12,-0.6945877526022375,-3.0737799680453346
13,26.59826939975855,-19.56182991001119
14,-16.27951589063623,-13.414030800799392
15,-24.8557865160529,4.430307612629557
16,41.167486418536555,-10.971457848918371
17,107.02352462817863,-6.581466782762786
18,-29.8422081425978,3.578137379113409
19,7.1813052762507565,-19.984024017670674
20,24.901946997847883,27.776408933510616
21,66.71955766793565,-6.850406508294873
22,22.217283951751714,-1.5556523379243565
23,73.3413045676362,8.928723769340394
24,-72.81262261965153,-13.08735023311016
25,64.08161837243807,-8.656002454296408
26,-16.659956163671232,-10.551557709383644
27,88.20587753314676,-0.03776372591513782
28,196.1727117463256,8.811588544927893
29,-14.154391678537616,16.24196511162233
30,15.629026169265275,-6.251702033571635
31,-2.302514271490245,0.39191608051977617
32,-17.902843289835914,-2.5247880522363593
33,18.917167337161274,6.182117117888112
34,-11.505756190556506,6.444445933846406
35,-16.220771800801217,-3.926114061862678
36,37.767446426548815,-6.699374184879423
37,94.28822273893388,-1.3850224220796514
38,-10.495997723327882,-5.588010869768007
39,14.996047554356032,-2.708334649046832
40,7.285775827317956,-0.9263904071343665
41,-36.79834298634445,-2.026095052800898
42,-7.832340769855385,-6.711078390244025
43,10.862172447194247,-14.274802209663257
44,16.03248046361569,-15.078817067419152
45,21.008594737863405,17.728716684142633
46,-32.00188081710291,-7.5065309836740735
47,53.78242833713026,-1.3820740668033158
48,17.14491281405574,-4.838069340694672
49,1.3377594635046435,12.205232210770154
50,35.99154986561404,-9.226533303705025
51,27.169470801935546,8.97826218158606
52,11.363321409759342,-3.780819682780381
53,33.580508933875585,-2.434771819607838
54,45.90201239775923,-8.530883527313783
55,129.93981617274932,-3.022572209425459
56,59.63983314432319,2.5402175858711082
57,-32.29328280891407,-0.921554726283838
58,-20.836410251494303,-5.491546325123811
59,6.124069051251443,-5.492586333094096
60,47.03372503167619,-6.794046930627642
61,-20.891901774563504,-1.6828556536491714
62,-30.102589411616766,-13.453012843474555
63,92.02632590800833,2.1336871543686664
64,40.79173613112395,-7.216859573157351
65,1.8156175770985632,14.320590025240818
66,107.8952753299879,21.945791085571145
67,57.711222607623945,8.585657412854484
68,-22.634665091805324,4.378154160537335
69,5.384366702383677,0.5508564263940164
70,32.89152984288298,19.348438406508173
71,8.086396530782501,-7.931941408430907
72,14.46965499503448,0.7851931300078249
73,15.764623092618663,-4.378261367205379
74,-18.456459582851785,-0.412933347317937
75,-18.170758833393222,-17.40912960613287
76,-24.548823761716857,-3.200854378707391
77,49.1055614936002,2.664048904298934
78,21.87945566814038,-4.1383583301722195
79,-70.52334191771519,18.12978563962923
80,-87.79206607877605,21.080169201575234
81,-61.97856831139473,-25.100664703488505
82,9.942370423321986,4.430288748029357
83,6.055851312180997,-7.039457680812441
84,-53.92783319974886,-0.29080264172067616
85,2.784374772763305,16.44846975844801
86,-37.51471002812572,-2.3096684346470324
87,16.406696894505455,-2.5595329816247814
88,-10.05337127775133,-11.741414829794126
89,-16.09377135399594,3.199851539144834
90,-7.208245142055433,1.6184163978753834
91,-62.10387813471554,10.549979527605096
92,-68.35450853556475,4.149544935853297
93,-21.999463435558624,-7.614520449388308
94,142.0417638737071,23.07063885087672
95,-5.956604880117787,4.375914470045936
96,-56.59527812809986,-11.834152043046746
97,-11.741658595872149,0.31847359551377824
98,2.3033608339042337,4.18054492795257
99,8.634174321802398,2.6531149201883704
100,-45.58027055900067,-2.069488714419411
101,11.424043172703795,12.767131210596341
102,-59.903683263417534,10.31296373215424
103,-58.78558489769739,-4.030305978150676
104,-72.68577688383583,4.475047646338338
105,-49.433824054867856,9.742974824833253
106,-31.86550053377382,3.545296117324782
107,-40.56264167401284,7.932073173602344
108,-49.548812057670325,6.512155164335644
109,-32.74054945550935,3.0971680371388266
110,-9.429580058948362,-0.32534213851112076
111,33.19320347271482,18.3350996018212
112,-35.86341592998035,6.35750886679154
113,-41.767499499533244,0.1562894863251985
114,-7.904727326700396,9.534860394068383
115,-43.7697522099132,-4.225152718992273
116,-22.987810078668744,-5.041084284793619
117,-34.90548757402933,2.73190873732332
118,-7.742762321066219,-1.3156356878609894
119,-5.55105043109291,4.10899668930188
120,-48.21971037541822,5.231604835920585
121,-57.64888115528405,8.037131203892626
122,-54.2936107607694,13.313276678249412
123,-24.87080538514594,2.8809162880990717
124,-60.59145309684709,-4.907345222098578
125,-32.41431978115257,-0.4398676735562128
126,-39.5784705404269,-3.056115038169353
127,-35.49184948408449,8.899130298230048
128,-63.32650336209721,2.733003110632872
129,-27.84496083357814,-2.4807780233961365
130,69.98570601519614,-5.740340389555697
131,-33.753689346569615,-1.316583579527411
132,-79.80672553794217,-6.412852456445654
133,-22.310659079104827,-8.685803676466355
134,-4.055394653758972,-3.451918635961966
135,-27.025681431111572,5.5707053000938815
136,-63.62783957175845,-9.550528027901562
137,-20.027073766881678,0.30347185598977466
138,-43.837438609359836,11.767515326222295
139,-67.59178412633018,-4.050530094758691
140,65.48567052513924,1.1913642436146128
141,-50.91876092628019,4.2150442799861265
142,-60.410637252400186,-7.847073463924636
143,15.749252900628171,-21.057631400168145
144,23.727139734716143,5.3052420545251335
145,2.6933409752736166,-17.937344334714332
146,-10.809144574500241,14.819005482504158
147,-5.7697894453980165,10.386019398819395
148,-67.08919774322388,4.26044875556295
149,-64.38921619896317,-0.5851377106225139
150,-93.74614117132099,-4.59838950382559
151,-60.709314195174805,-7.427411854566852
152,-62.28031044783988,6.617845941690622
153,-65.63558246407148,-6.1754736213611805
154,-62.54556962632718,10.62969375661241
155,-65.34186644018504,13.709757160520276
156,-42.578556683523075,17.233649577743204
157,-44.27955126407944,9.564522186393617
158,0.3912335756271942,7.216799145040729
159,-24.8942110991272,-8.068803029196628
160,-76.7089825497802,-5.988877345119931
161,-34.201025699811154,13.072452252914854
162,18.502407281593406,-2.3935938169979782
163,-66.97962769636693,10.476282383201164
164,-57.35781818557612,-13.77157494719606
165,-7.716113293735659,-6.149425758897882
166,-14.963393895255575,15.713205022710635
167,-68.1448797472874,-5.405189914606993
168,-41.148133006709536,0.10665370125615406
169,-46.63450581065051,5.49468821823251
170,-11.019598119963268,5.9324802509726515
171,-5.650780730659749,21.028034427168244
172,-37.05568270657917,-8.983894729405018
173,77.89568380802466,-5.058918943998713
174,-53.03354573076759,-6.053439182323011
175,-50.36361443490987,19.930388625119754
176,6.186658709182159,0.7025836385951343
177,-5.0435822611358345,18.670723392206906
178,-41.134346918394534,1.5309358260771746
179,-62.57455860496213,7.469734790525424
180,-0.7172740443870226,20.300133727042585
181,60.73532738080633,2.646110648511983
182,-62.20293687157155,-15.273069764296748
183,22.821774467936475,-4.881829836390333
184,60.5042502356883,3.1465968426195707
185,-27.148560822682523,5.126680012716015
186,-1.1967930885351774,-8.936619811511315
187,8.974319573538637,-6.629476950926832
188,40.77132463170163,-5.238827614938146
189,123.80658509594564,10.464580955534768
190,91.58349607377072,6.784108006943888
191,-55.39895479583473,-20.96607380091107
192,-72.55800250523306,-3.9234862345529993
193,-42.549253178862884,-8.06830100728023
194,-6.510730986077547,-2.539829836156499
195,-5.260161845271744,5.140149924184704
196,-25.34760376964903,-8.74265195326977
197,15.932677876089924,-6.533944277495838
198,-2.0765445168533465,0.094591949695471
199,-25.72990848217417,-3.9409811119066838
200,0.13491721905206347,-2.633254108052072
201,-15.19945580862359,18.020795676431348
202,-21.283695607700462,-7.374303842853064
203,-10.814288728914313,-16.114710589720996
204,-32.853205335273486,1.7206158022749392
205,6.04072417087389,-5.204102416022686
206,7.1713443233941225,2.579896404709589
207,-23.23195594981095,2.734120691746794
208,-42.97962035448441,10.832975142797174
209,24.66795220332554,7.181034263512983
210,-9.060617113657004,-4.358486957047802
211,27.134717108113385,12.723136927371195
212,-24.292120163688722,-20.91736149494162
213,21.996815311357043,20.382117415541884
214,8.207764277512576,-6.525140068342685
215,-18.5159450853815,3.0935172704435074
216,-15.7892451814711,4.117253622922284
217,-78.34220611371398,-21.630989981768572
218,-27.836198979099404,8.515449621973188
219,-43.86103580898507,22.23946404142863
220,-17.538807622829726,7.083850598786441
221,-62.493787329649436,1.7468412287200195
222,15.682384055539963,1.4385045639039635
223,-47.64378413877341,9.338050791116288
224,26.329848288216194,-2.8265619786474003
225,-47.78078239396301,-3.003358382930844
226,9.36340152075468,1.512973938434919
227,-60.875870753899726,-7.860725638671528
228,3.3456449608597962,-2.907488839226508
229,-82.77374368334331,2.785879706780383
230,-51.69084749662175,12.614124882911064
231,9.379116748194619,12.307120827667918
232,-62.877701756059295,6.97150788415395
233,2.526907603646063,2.193593306641934
234,-43.10093516772268,-11.746709444772781
235,114.75222747895077,-9.077155612821718
236,-61.950801515072435,-2.6099130666156047
237,-55.96233266652423,-0.47082491083029
238,-63.788158444588554,10.786634650513056
239,-8.956006545814027,3.809654485942624
240,-39.53931298922673,5.463638754195152
241,5.3424858137881035,-3.9217072933717394
242,-28.241993770965074,18.687134126856787
243,-41.1029235356062,-11.929739320098975
244,-1.9596373898940602,6.433162168416952
245,-27.282073226523824,-16.88775452586187
246,-39.24633983443947,9.205004520074965
247,-6.777021068325735,17.801289325796823
248,-17.21923522126101,3.2815536755316295
249,-12.13358077744855,10.135670340162573
250,-32.88152953212878,-20.635277660464546
251,-62.94951126248336,-5.831726016546197
252,-57.93614919254079,-8.952639987287299
253,-59.50661417351822,-12.676194720546507
254,-40.688103875430315,-12.617157831342308
255,5.658512696501899,36.45835238876865
256,17.127346474876852,-22.248838681404628
257,-13.672160426247569,0.20216342088814174
258,-35.723252950415294,-4.543030313098971
259,-22.247569011081286,-17.274422710252303
260,-57.628658887067985,5.493499369072357
261,-47.654605931604756,-0.9537345066155624
262,-27.930990887696645,-6.81565279196841
263,-53.27160621362864,-17.174502391074967
264,89.54343087507979,4.530277905610331
265,-69.16969365678544,-11.663285375981108
266,41.15044399457944,34.960834111713275
267,-5.3516376619566115,1.522484123627288
268,1.9564629038828427,17.47701554230409
269,-51.73779868850368,-1.4325440183523184
270,-14.897997123885933,12.366268787753642
271,24.51240745802805,8.112574342154272
272,-6.2132914396865475,2.8765146164114106
273,31.9148481863213,4.712303371823646
274,5.324324822102355,3.763756162974935
275,-94.8340722364901,10.204969254404016
276,-62.64582311993845,14.752871242208865
277,-68.41034748215034,3.5839592663894133
278,-18.175376436288932,14.101549757946028
279,-8.806267464373798,-13.391089692279905
280,-52.186567724302634,15.290406162779071
281,7.91503812822157,13.051703073954563
282,-33.38775253209906,6.729892030790627
283,-28.864631696091276,7.796445509539192
284,-11.15594585540379,12.851296184682026
285,-43.19517168838733,10.838644984418082
286,-37.75551342731065,-11.95040858059001
287,-35.32333293632134,11.625977387169785
288,-54.674915881899054,-0.35598522579069364
289,-8.07096814425438,13.968312959923267
290,63.6469775534106,9.3547418108498
291,28.74938416645781,28.585205367621803
292,-27.958733699024386,-7.94684313014122
293,-18.2004250636068,11.941187273813002
294,-45.99000939508007,5.62051128680929
295,-32.413898304666134,10.991730968647051
296,-38.42726353291573,-2.116780727223939
297,-23.47145244895417,22.508210136713735
298,33.007429782656054,31.24587971601679
299,-17.419012185493624,-23.876308037568602
300,29.068416696191957,20.705877136546157
301,-36.55374961013943,-9.293839457685811
302,11.921258228787314,0.3028170080169236
303,-54.43284149544083,-15.892346267757306
304,-27.28974947635557,9.666705598188738
305,-31.73022185473505,3.0900809300115077
306,-17.2977161963075,-0.8705284850515393
307,-66.54931284764442,10.472088261214328
308,42.47028268043576,-12.61271342858622
309,-4.647169694807431,-8.554080617558203
310,-37.42322286536999,-6.763365632796378
311,-6.992563957818809,10.24788598114758
312,-50.44470371286184,7.004054918144651
313,-78.60451323259385,4.074015228777595
314,-55.58519450489993,3.7552911173425945
315,-61.37603894518674,-4.786651135750055
316,-48.66355437946116,15.341479726351706
317,10.566576206040065,1.5615614431147602
318,-6.121799707097206,-2.960897004974042
319,-34.727852546426945,-4.793571692491826
320,-30.683126360188453,-7.865496985252566
321,-40.87374202497166,11.616085540131017
322,-11.594240412964501,-4.164254112055686
323,-15.068409523577804,18.5322377794656
324,0.7344511221465159,3.072009053346747
325,42.36314014911801,8.67930536869369
326,-6.221942159300774,-11.970100413585198
327,18.113846879140652,0.20284336109906342
328,0.8760425661803629,3.557993024596818
329,-29.358475721242893,-12.405305741898056
330,-52.932266029822536,10.877312287382146
331,5.4668212693169,-8.105572153233146
332,69.49022620319049,0.2871111644387713
333,-37.51151169320319,-19.128477220462834
334,36.930448001943994,-23.995492120165398
335,3.2058440730237563,0.7633889545276394
336,166.78202888127805,8.66901303623933
337,9.952189962576691,-4.11967833515223
338,15.639203844322065,-2.06301409003702
339,-12.661442072461478,4.975440469281571
340,41.56363151507703,-16.62701859298522
341,-29.12832952031676,1.4633824313883221
342,93.67897447623866,-2.706120297448029
343,15.646363055784613,-7.344534906069607
344,-1.0586591991767562,-15.240008869417279
345,24.435915843592603,5.991713992903098
346,21.32714878407596,-1.3399751020029176
347,31.80040940274884,2.9651046529949365
348,41.14361670258298,-20.38296626524117
349,62.622334411477496,-9.7682735170493
350,97.46413508982066,-9.884733378127804
351,-40.873059650431635,-21.771397165255177
352,-3.4113971267399816,-2.947184853221401
353,14.044238031861925,-3.4605086697366807
354,39.010082418275836,-1.701785336014216
355,77.16155840499377,-5.388130643411085
356,114.5789746888342,-3.3398695918028416
357,118.27296229399205,7.357755846813637
358,17.105474297089334,10.868765389467928
359,-14.104502786800335,-13.005246135940192
360,78.28893908095372,-27.140399300348612
361,166.8883886015005,-30.589590839825423
362,51.69808936963357,0.06165761557552644
363,-17.360019194036994,-18.04080868512299
364,-13.754392077438961,2.5413686258669514
365,-14.958304658825648,0.9634042491105126
366,-9.320242837912442,-12.762400493213129
367,23.570181518786523,4.343247372047168
368,10.66312019470804,3.0784300286577717
369,46.9821275246846,2.0956441257807925
370,-35.682633249001356,7.169189789542973
371,99.67416680991552,-14.18530503356322
372,22.429491171063326,-10.665432667630673
373,167.9854371472041,3.8966740925641834
374,5.5321153877393705,-6.887753718991671
375,11.130590424915614,5.287657521531972
376,82.12197301874174,-10.185823583361119
377,-27.729837365913998,-8.03285449986316
378,-1.8707038311128406,-6.218353347441838
379,-45.89980825615872,6.716328118883768
380,125.4641156894703,-12.495469218605017
381,141.2879639708247,-17.16128920079374
382,13.678885307591022,10.658240126400345
383,-7.8595051480972,6.0136393711928005
384,5.650160079077025,7.193856078155101
385,-3.43651428895772,13.122827132352363
386,-11.631380012777642,20.386061622415255
387,-35.436111181479376,2.46980895453063
388,30.096779135884514,-12.849327767192833
389,21.541998249902164,0.6688374148324968
390,12.815078544736664,8.333845196317743
391,-17.57241950468768,-0.7490770749631163
392,9.808387412637712,8.28617262306914
393,111.09294154625782,-3.7853430641187367
394,83.51005633505336,7.369585845127569
395,32.17643341004431,-10.718099082967788
396,72.04986176158579,-15.37905061971007
397,60.97037466761489,-1.5290542701815832
398,-66.24159343839518,-4.000206274221582
399,34.868038523229885,5.421698264350913
400,-24.105631892986924,-1.851191406716336
401,-19.18638316860378,4.82349245128273
402,-28.581259771685644,6.49763547887013
403,-8.284210934444669,-22.042041188196517
404,119.96318694440464,-9.67276378879338
405,-60.169090471729895,2.0108115343950845
406,-19.17425451558981,-8.126845478121576
407,104.04488734049498,-4.508378423263342
408,23.48395279648416,-3.9320455643744068
409,38.26515547116623,-5.928589914169979
410,44.83772044090252,0.2105448344096786
411,27.128426363494892,-4.636575631355406
412,90.20702483390161,4.180273650605048
413,-5.542122241258529,-7.607207702208471
414,19.934073964924174,-20.82581679350013
415,-17.891904363272122,-12.297770954003463
416,-48.27268235532705,4.018681874749443
417,-12.226019018970971,-1.716155595566752
418,-13.946051528604132,7.97186202381869
419,-45.254024654182025,17.87285389767972
420,-21.792316818244018,0.7488103798016982
421,-10.118604340818843,6.994302610745264
422,9.895991105076599,-22.840103171759793
423,50.449147113521015,-13.251297931752234
424,-47.94653560723778,-10.84913342434376
425,74.07775448445108,1.419164982094981
426,168.80179401649434,-8.370720591329293
427,-39.644934442158636,-11.752886935495988
428,-17.086752887797385,-13.694820913926522
429,15.401594023007492,2.1532491429043166
430,33.656935098558264,-9.692675429851702
431,-24.125900083170958,-17.131338785493043
432,-62.355171357996646,3.7785318020940126
433,-38.58752965025965,-3.6618064351805213
434,-69.54959836804743,-19.40161045267185
435,-38.30819454304254,-7.958068719374193
436,-4.861787033386592,-6.467953937513467
437,-32.362323945443286,-1.429281423814206
438,-52.591454028143374,-7.65228188479216
439,-86.78207232775912,-7.718963599506068
440,-8.945743617674657,-6.495088986650063
441,-4.771395200048054,7.558412526277955
442,-22.64504929981449,3.324508710589923
443,-31.43207373685162,5.354813335746813
444,35.10046134778735,16.141380793441805
445,-42.16796352799898,-13.858446002744229
446,34.22516247563562,-5.914385141300178
447,10.216816981568163,-6.684366179372307
448,-34.42921654861374,-9.597848285666867
449,-30.132148698065016,-0.632247934133621
450,-35.74526419815104,-1.085488635388168
451,-13.787958040353821,29.352253961645324
452,16.11866827121183,1.5008254240409944
453,-34.64325128939491,-5.63224474888092
454,-29.691817718355495,-6.667875112008703
455,-67.97355318856232,-9.41771465080314
456,46.754969821921314,-2.3483096830766157
457,1.0683588787884408,-0.6490915872325713
458,-37.655687927186506,9.818618101373607
459,-12.521684386796448,-5.38457852229253
460,-11.091304722462862,4.054132570547638
461,14.33497337931859,-6.158880409711554
462,30.185804239907412,16.304750880870372
463,-69.54525520208135,8.467623032356995
464,10.019804047462737,6.676153573848553
465,-25.272588794957592,-1.1623424705557792
466,-31.234655643801155,-1.4576524200099787
467,5.438939262321129,8.33796165524698
468,-33.88154834946242,-9.461087687597475
469,-20.0838391838935,-5.877879088290859
470,-5.188922028882344,2.1883692263799945
471,-33.786544200173275,-14.438817960054717
472,-37.685547166145945,8.49026518094663
473,20.299820237672996,-0.5688892756454949
474,-32.17646813092904,-8.904002651960415
475,-47.33640746344329,-3.9649703639131486
476,24.399124136078928,-10.469128134148555
477,-34.4038984641905,-0.3953822281120112
478,-8.237748190091589,-0.664935478632594
479,8.800466409113003,-5.474211732678257
480,-15.073882969916385,-8.870335714577388
481,26.93834202746218,1.0004830431500018
482,-6.007487744907281,-12.341612227631735
483,-21.93213305310947,-4.686007136564595
484,-4.788026992112818,2.161360317330252
485,58.704466376920756,4.938638761858203
486,-46.94610466924499,-22.97675633501959
487,17.337441887263104,0.6098431622602245
488,-21.310216108835263,-2.6850853856383474
489,9.430055592347525,20.41388051370627
490,22.503611924871947,4.773502742265941
491,-40.69601641457606,-5.895971339010957
492,-23.722905789469102,8.968868571696666
493,-59.489734137714755,-15.966615761314609
494,-1.9815067863610336,6.137959557578498
495,39.35266605507918,8.059660636558782
496,-2.3871875083781093,-9.827050707014726
497,-6.543230115904611,-14.2237879036506
498,-1.8538615010903179,-3.1309501739175225
499,-55.53723011569515,3.6000730654062627
500,-21.169715472771838,-7.2342869323761025
501,-31.957422881844415,-10.75465949766014
502,-48.934216840252006,-1.4024674700221886
503,5.749899420103443,3.1618810289386516
504,-9.92816891879553,0.6150365414039805
505,-11.53996731595069,8.943413928932527
506,-11.514312405580597,-8.654026846765992
507,-27.921109891227506,0.0076313369824536435
508,-11.37171282570493,2.9905487925970107
509,37.320878056903524,-1.700966866572274
510,-6.492784746251916,13.177754163082156
511,-43.57440145422764,-15.336025149051029
512,23.58499438998497,-12.719860191887541
513,43.452899113350554,-5.00674821093085
514,23.94921447208019,-11.576541882585031
515,20.88497290934293,5.567375178103452
516,65.91960267431568,-7.2677621613638115
517,17.903748856768384,-11.007396969202782
518,20.34664183560052,-0.8622929309234594
519,146.38961099499582,14.136958931303246
520,-34.85876323663849,8.067416894787657
521,73.48379797093286,22.148805391160224
522,7.236449213772413,17.931240676877668
523,35.88028404711978,-15.483442331041397
524,-11.935184135559542,23.132301792695657
525,-50.6685102389982,3.6781710721111898
526,-9.347725009546805,1.536623465153196
527,36.363832798400196,11.896249203644933
528,-21.451360680773654,-5.9897952508214765
529,-29.542395807517295,16.330446778420622
530,59.900102349318,7.3608241685725835
531,0.46087294865829426,1.2742934124812024
532,193.71534324062307,3.4878065817680164
533,18.790055414333946,-11.003044986552318
534,31.045903410541907,-11.108411127111665
535,-27.598763529594073,-10.278757944859997
536,-7.444061395628245,-10.550009202748384
537,70.98466352060545,-2.490187238751658
538,6.2404445814773934,14.800934601461364
539,8.654182024088248,-12.539656926750414
540,17.46036802212539,-10.32797442089488
541,-29.212434525424147,-18.418332651645365
542,-53.79889130579276,3.7563611740029317
543,23.94514166553541,8.757531543686303
544,5.02011293460364,0.221583154495467
545,30.070114238854924,-10.704238472157382
546,39.163164547481415,0.2699786883625643
547,54.42426706496231,2.0585264887079746
548,-5.050451155007005,3.184448039042261
549,90.12036271554628,8.014372340510608
550,0.5771718933722244,-10.169602699474934
551,77.04216775678204,-4.01115176516084
552,30.242947013623397,3.1028665845366
553,16.148161067837368,2.2076293202110744
554,-2.577950769830792,7.349077864970182
555,49.8911875448961,5.131426077183601
556,118.68071965622266,-14.70684818264269
557,-26.234487793686974,-6.241396404392701
558,-34.11064833893333,-10.573870817016063
559,-61.34939714764858,4.459413671584333
560,-13.267702910824303,0.7644581817256694
561,14.546662689555752,-5.541089757187951
562,-55.22865363969657,-0.14397027930794423
563,-13.318445780332665,-1.467693693349469
564,-38.56555339914329,-10.7799641255091
565,8.750357835469902,-1.5024125611577186
566,-33.373194209203284,-2.0488450908512292
567,16.668092337063527,3.359467673752715
568,25.9807623280927,-2.2487543306963573
569,23.803219835417078,0.8004643188619177
570,-25.73307600055331,-10.46394257520056
571,-2.2918790737268657,15.359918101040838
572,35.495275465010565,1.8271239601772447
573,9.32097479884204,11.665762006590748
574,-58.647571936029806,1.522717111714443
575,-69.0852225794002,-2.73578094640303
576,23.494709862193552,-17.438610118252665
577,-8.292182481388346,2.2574028172109
578,-33.922374810914896,-1.0321764029039473
579,-69.02584073688577,-2.3276709121923185
580,-10.263936782133971,21.782236823169217
581,-18.077201983377062,-0.8181301674118753
582,-45.772342880801844,-7.6049208017957035
583,43.0396917786388,4.537097596434576
584,52.44151730961304,-9.398054656466122
585,2.8913730213751387,10.727992545126646
586,37.78373295832814,-0.9806906199834721
587,-41.0458690264013,5.259941530927512
588,-10.703210565835963,-1.3017932503835798
589,1.343562487795077,0.42721932134465157
590,7.366334854754027,18.183268404180424
591,-38.2087521913458,-0.40138292483955895
592,13.321508789463213,-13.030397739416909
593,4.591243818380472,-10.554684737415235
594,-20.230828711573572,-19.843222249398007
595,37.41749896125758,0.3068832160935341
596,-19.623652511481904,6.232882643896136
597,-19.469882200014982,12.017078746372118
598,19.499058001909503,3.1448256263248857
599,-41.46949322227034,18.34157744551527
600,-34.10066493568136,1.672256293680538
601,22.406743833909758,-3.315580561887619
602,-34.89572906212884,8.693462045461018
603,-36.22900138051671,9.60253290500577
604,7.222262146493675,1.4968697077255833
605,16.26856108570848,6.675305576804215
606,-51.750809146556556,-0.8931248081477987
607,24.77559207122905,-9.836497205612133
608,-18.16736113027764,3.923948286391435
609,8.892988339824445,6.87882588968184
610,-33.590584557621916,15.041400228878674
611,13.642833463260073,19.493698013668297
612,-48.956285861902245,13.386508989772205
613,-38.320527804397116,5.034486986766381
614,-16.176222133481385,-2.238726354296365
615,-21.04662190096844,-2.6032150169297106
616,18.037848245559104,7.975109972721527
617,-39.11877797695353,20.133036710003093
618,-31.144130245583508,12.87095420656113
619,17.36185592901663,-15.99935262145397
620,-13.64126175480099,7.8346717558008185
621,-31.414255784175257,-8.792573910618172
622,-6.380937838766073,3.1238510731299414
623,-10.171548954127479,-0.8748784201130158
624,-27.64377606288474,-20.80048298710685
625,4.441744416165056,1.4703226456276965
626,25.014785334229842,3.799612687675606
627,-16.875692884869675,-6.397924136719327
628,-9.672820121674258,0.4740509039052206
629,92.23839495937958,-5.212840229304551
630,-27.47535341019446,9.026678649026682
631,-36.24779103122545,3.4920964480845336
632,0.34549529354626296,3.839739070987041
633,-22.581639579336215,4.0821388737262865
634,-24.774462846401168,15.366896446234641
635,26.990042010944297,10.674679336961955
636,126.1308411460286,12.14433198962368
637,34.578025521684346,3.2919181571639355
638,0.18920697032621991,12.18189967379503
639,-44.5033522912014,-0.43721349449345326
640,4.151646259837944,6.934488444417432
641,-83.66917246214375,-10.923193889636984
642,-3.7255340096142593,7.3732340940538945
643,8.32830144989244,26.00938187255634
644,4.717611038214628,8.372758809220091
645,25.772652958585454,-1.9068854213824233
646,-19.961276886093525,-14.259750265331114
647,53.5433546094839,7.964970023697069
648,203.89717134440755,-0.8574957269862703
649,32.620723204799155,-3.195987295771386
650,-7.338603921852212,3.1252674295793983
651,3.49852817255582,-16.271035089585062
652,54.5545975311154,5.116996125341952
653,-7.601661760792283,3.1253879905810837
654,38.465693482320006,5.677124369746607
655,-54.30298946017025,14.33749338813323
656,-30.6721307866419,9.130873931650177
657,-51.14066994236476,0.3387944339753837
658,-40.47016524483693,6.533555842732563
659,-16.182553355099735,-1.3324036184911698
660,1.8006645481136414,0.26944597054672276
661,-18.436092588324573,3.3586611137502147
662,5.868259864708492,0.10578076007544261
663,3.2394058414664793,19.08494697294714
664,27.6410033312696,9.435002378451589
665,-24.94861192173056,-5.599289193747016
666,51.67133431747074,-2.054247078494225
667,50.487071423327855,3.790282219029537
668,4.108387624173813,-3.0811078322605727
669,21.431888992701044,3.7849987755240293
670,16.224978272811438,-13.316128004026252
671,19.5531684853872,-11.309919145971076
672,51.85862096721832,-15.128927386515045
673,15.097173770740284,-3.7433123871052976
674,21.847292679494846,-15.557304332715423
675,-15.630391237695582,2.811869918338148
676,0.2817199058482215,0.022058232826582876
677,-38.584034729978704,-8.348595022067299
678,15.540390541362731,0.8507533593404598
679,-36.38139160262932,2.2741387472189216
680,38.70439922040267,-0.8785131752459217
681,-2.6896974333986923,-0.7131663200073642
682,71.3740020682614,3.302012372437093
683,24.270060686504394,-3.182483509014438
684,-31.436654848095692,-22.16798521160713
685,39.73757323058672,4.315447558802603
686,117.47664139924716,-14.034464974494849
687,-12.799239188984478,11.154160929606654
688,123.2606879318235,-15.827021502940388
689,22.124668274162502,5.1123220940589675
690,-37.4056505304695,-5.150063739169955
691,4.926881410515849,-7.493499510073838
692,-30.517738455112344,-0.4278893579848092
693,-16.456821859131015,2.39406574075389
694,16.35356856928571,-21.768073163263278
695,18.660914478787333,1.9948549313205302
696,-18.585521522749865,-6.888928778272387
697,-1.2490015301554427,-1.4558674088647048
698,-19.50695455785548,1.8335242250275328
699,9.989171036606896,-22.433398120047435
700,-4.139266483203926,12.328502166629827
701,15.395725316975225,12.200654572473482
702,13.244470602227135,-17.23299111681833
703,-43.816328204731526,-17.020367842245633
704,63.90911117999083,-3.090374147678776
705,-3.2425492280376202,-10.197569617800289
706,28.38431454872246,-6.249361348626741
707,-75.39012513561376,-6.222097766993177
708,-19.426753301611637,5.524938422724031
709,12.27556452012847,4.414129979520333
710,-18.473530148383684,-5.550815717358612
711,-13.9696540719056,0.8282506925388091
712,-28.80515958731822,-0.9905124053599254
713,-26.089853298372248,-3.597487360425815
714,-8.722949797906521,-7.059724792849074
715,14.707988059521135,-3.6841844829498216
716,18.215506182611655,6.946905847957389
717,-16.33799864622319,3.8221769517956092
718,9.71436767671567,-3.2214825671797143
719,-38.210387048134656,4.811070566714944
720,-28.21803295385834,-1.965649725713013
721,-77.12115739964999,-25.672935454479713
722,2.3397774213854032,10.229215741760141
723,-23.939822107281,8.22685063971141
724,-81.43988265290932,-19.933660588046145
725,-47.18841340388352,-7.563552457679127
726,-34.888396170761716,2.8747744233184402
727,-47.47480134730382,10.902961303403204
728,-44.74981553329939,11.525977831380603
729,6.2715827570907825,-1.1832668130046538
730,15.071975202881408,10.88452452644237
731,14.06095117564841,-5.774182514098284
732,-58.12304149717081,-9.108591669198171
733,19.47541472411113,33.53289861792616
734,9.596816928688702,-0.7232981803075713
735,-34.23383635834191,-4.295330525676189
736,7.299696183651349,24.67816034325524
737,-50.209356369227415,-3.2365553985441795
738,-46.790387448802306,4.166446600828746
739,-7.907090998506919,0.817776623819876
740,-34.60092772269388,-2.6281545772636807
741,-57.83859450747813,-10.284773529524472
742,-24.819637944411394,2.861771911929751
743,4.244038440733707,-5.897554316950777
744,-37.40720545943153,9.512282149281631
745,-76.35736635184217,3.9125508201523966
746,-52.75517060438845,9.085404232914566
747,-65.7255321163364,-0.8503216715844822
748,9.585565956691875,8.94210535368675
749,-43.85580526820557,8.759505179514518
750,-34.27703542092078,7.102650226450408
751,-31.441118851354577,-8.298179676496044
752,-20.345267240772973,-3.0115402131781472
753,-18.359939352748224,14.185535027650678
754,45.0872049069723,-4.944177002395223
755,-31.343700957887812,-15.997184856133929
756,-39.42333823763074,-1.341433878495771
757,-24.027125590372684,-2.643941472060636
758,-42.101564704604016,5.916241927719813
759,30.34698885273883,-14.219746543699088
760,42.53590617605564,3.459151722039152
761,-55.8055584648073,-1.7321605712161043
762,57.502870490078955,14.122215484084656
763,139.98047134168883,-0.0035516942251854694
764,6.534130876159795,15.412807418826933
765,-17.658392421372305,8.863623709157771
766,-49.76255082065824,-0.02028768176942263
767,-10.199136561837111,1.6681302476647057
768,9.844378428189758,1.913884201935055
769,2.301889394731791,2.176157901715026
770,-21.86529296744352,-14.52722817182215
771,28.152244894810696,-5.83134082719949
772,6.759749871435027,9.089928081833643
773,25.213429230019365,-2.363723834287956
774,2.5606248033324928,-8.423409741909769
775,25.786549976023316,-1.849553551757482
776,0.41611269914000903,2.8054820834767495
777,28.3136706511274,-0.1133791380856948
778,-1.7003620504006747,0.5016632184944325
779,-9.637211528987034,-11.492568122594465
780,66.27703109476538,-14.017736824269052
781,15.098447946830353,-1.0512021860243572
782,61.87780471370088,-0.5291328147472227
783,16.548803493422483,-5.773581459228425
784,-10.783331927732586,17.942505243040895
785,-18.303000562675475,-21.3441043178633
786,-27.84021338541375,-5.97448655215924
787,8.369242010469195,-9.67758468065621
788,-13.906708529308482,-5.114759184404042
789,11.12886516812767,-9.941403739786105
790,130.1518993945202,-12.378941299215946
791,24.39965362041477,9.62724713392462
792,-6.513460726141171,13.468986809553268
793,5.907294717352486,-12.781883557142185
794,-11.191099673876955,-11.243947016240243
795,38.88224333415096,20.95474738003245
796,100.86794350048064,-0.18541327180593198
797,-12.852234124942278,-14.27946048329532
798,28.25206796003208,1.2231437835743848
799,58.64085818823126,-1.19687062240452
800,21.444737568294677,-11.287611018950827
801,-34.68974638227235,-9.600922793859553
802,20.81275313587627,-1.137864364035221
803,14.88470865920467,13.105375621761429
804,-56.02081967912594,7.7110139390146255
805,-17.62495078936817,14.99398019875479
806,-58.99270583842119,32.42011659446049
807,-52.59170967331268,0.12117667791179028
808,0.005777564246159425,0.45608370354283645
809,2.911821815698441,0.15504410214989175
810,-19.879608766040523,-5.229255374535749
811,67.2255076057366,16.91267978010065
812,14.252830578335896,7.892596263947655
813,-45.837221594398834,14.13447326449239
814,32.09672697201668,26.920459547940123
815,-52.76581441587957,12.17673435233861
816,-68.87117292375032,0.9963253931867706
817,-42.13845816749356,21.666676649879015
818,-44.04699239499168,15.326780267645947
819,6.643420011552015,4.78437180393835
820,-42.73511014947185,-5.984966651281392
821,-68.59144914278102,-9.748977941017667
822,-56.744805422434666,-6.2855460490007315
823,-39.21677290380756,-4.9479936015051695
824,-1.8234085047283972,16.217185020396638
825,-22.15047547782785,-7.520387302000687
826,-85.67928697932112,-14.900096098389398
827,-38.358516166292304,13.8602360851289
828,19.373070492932893,0.22681224164827868
829,-23.77678293287102,-4.171347153872062
830,14.468890512446674,0.1338704152976563
831,-21.962676477013588,-8.595959591771143
832,8.470296181983361,9.6112279038255
833,-33.9365985380507,-14.911752004170571
834,-20.422062105622295,-12.792637127540333
835,15.071515503179825,13.014166636500079
836,34.48365665657158,0.6356376316329554
837,-37.490660554220675,-23.13260668883691
838,11.054563777954566,5.061101551046184
839,18.30585960383296,6.524300296896588
840,9.874528297067346,19.615974822136454
841,20.557972733038774,21.4871921934996
842,7.522413675275041,-7.137709267956339
843,18.01674882329893,-0.8329458041902743
844,81.39039407796948,-1.3987842424231087
845,-27.325255732110765,7.131049516410017
846,-31.87167618669789,7.188979112135407
847,-19.6186101071842,7.217864785610276
848,-2.047710395365814,7.634295481713621
849,-41.48984695681729,16.696318119181615
850,35.702411902476,12.618290421496578
851,137.63984067604372,7.342623147500845
852,33.25100289556751,12.791622450817473
853,24.326577246527467,-0.24490208923322582
854,53.48171176795901,1.425267335193181
855,2.275557072904775,-4.578434680880646
856,51.52116579764182,8.757754543801616
857,18.01810245643798,14.219835761217709
858,55.09291455779461,12.32333893451325
859,-3.1147431283322295,9.011228023841197
860,49.66231318297642,11.92726800609593
861,1.2026792503106047,-6.8636510948867375
862,-25.08040760216727,2.4054392112074368
863,-39.01424264274071,-4.226620343158661
864,2.4072609052638465,-8.191208944401463
865,17.385782481324064,-3.9623312642019997
866,-48.10206908997522,0.33118168644056456
867,16.557888481998162,-9.09468407563794
868,48.5576264869854,-11.611318365426166
869,82.47940163853924,7.185958199022282
870,64.86342435511365,0.1847374121363849
871,13.831843143778354,3.809071172900583
872,24.244592399884887,-9.421618087636926
873,66.2863452513066,11.727307799108203
874,69.65699745485838,1.1525740439160552
875,89.79480387974657,-1.1431328395370373
876,106.57826309436683,-0.5311279986378019
877,-37.55201972271664,-3.1888949807130977
878,18.073041020175488,-0.6944677744744725
879,-12.882067787612742,2.2966898482039584
880,12.056645116678423,-2.67574790191545
881,47.894380021291454,-5.839671514764618
882,21.49380614964599,-4.905514258556595
883,36.88683341186191,-1.0323187011809514
884,-10.783132435673695,-5.070947757507668
885,74.42622660985573,-1.7505008632564336
886,33.82997722994404,-14.72226291554046
887,64.657264949311,-9.975460699568098
888,-67.20637015385539,-21.933552201123945
889,31.202185786493576,-7.174483860732616
890,102.85256880469284,7.261850196890598
891,53.93343888438164,-6.083487819541178
892,118.91333016673703,8.163574877593128
893,-0.5111104043785522,3.7478900628055594
894,120.49628417181263,9.357067484455571
895,26.844146302972202,-12.7059367897104
896,26.047177126763373,-3.4792989341284373
897,61.75778336170102,-5.488097928848854
898,11.747223674135945,0.6037308142591121
899,-35.134039705814345,8.384427781571604
900,-48.24371502161666,11.845104547885969
901,-14.543770077514917,-9.213312065095076
902,-5.302019282055523,11.166684170581988
903,25.813389920103862,7.813245457540307
904,-18.281716685996788,-8.145477085237841
905,-36.26771505770754,-20.11050171120096
906,68.02401486963392,9.692968062047816
907,-10.271315981462978,-6.8396769946316756
908,-7.8088859196668725,32.96725029636975
909,-19.219817694089585,-3.9586322009639576
910,3.591834496716165,14.423822492059909
911,10.078120843892354,6.290300908692212
912,67.64769646559974,-2.846243799056759
913,40.66943667947555,2.452839125909055
914,-16.22959769425989,-5.012138619707903
915,18.094498503599336,6.319800336750585
916,24.440760923240095,9.452102375609815
917,99.76782196288748,16.02350414268583
918,17.937034449539173,0.7782185911951823
919,40.01248582523374,-1.6746441037801572
920,37.16789599211762,-4.405693110838656
921,14.631736504068913,-0.12393026857970738
922,130.4965644313794,-9.879483134779298
923,-41.23203687913423,-9.882623761576166
924,15.503224077699489,-17.591684434649164
925,-19.753616190626925,9.029343281604747
926,-71.33304889237351,-15.66613908984802
927,20.501084380072015,-5.397888373269048
928,21.66807805271195,3.970117704765275
929,82.24731588107547,9.474076560979695
930,44.03571471817995,-8.508508875151534
931,-15.952753467496873,15.230333190697811
932,-10.833374072348835,-6.858077092157327
933,63.9610830323636,-4.857618258885159
934,2.9032822559719973,-0.5305644993743195
935,51.34199010855955,-4.059784567582231
936,12.020578852426501,-7.965534489370749
937,-38.72960304449668,7.715679346934274
938,-4.177447164680165,5.176951056829397
939,-14.42212781218893,1.707101855937098
940,15.355911026688288,4.560104241914122
941,-1.0947186464471563,-2.5777000229140854
942,-40.467725636363156,-3.5497692340881595
943,-18.90015546879423,-4.362945932553403
944,18.784747243005512,-18.647571462123445
945,-47.59713224042621,-4.27275486446877
946,12.981486223696814,10.92133147298302
947,52.66030833960159,3.895316429511505
948,51.61580215028701,5.211588283460734
949,80.95265777028104,14.49835932382322
950,41.266986431186155,-2.534473332775474
951,87.93746778958239,1.244726650935412
952,-15.525305256428586,9.12037606980813
953,-58.36405573596761,7.389212569780586
954,-62.37219705800424,-2.3289389442973443
955,-13.418401346570745,18.089327071702495
956,7.708800016622253,8.705019585547165
957,-75.55312243886898,5.423999266420286
958,-30.310756190885154,18.89907879747757
959,-30.36560461711125,-6.75613004228473
960,25.398066289968316,11.657984779306538
961,-33.062226890855264,-2.1562670450705896
962,-11.049655888848061,20.04652046113913
963,37.29424672234829,-2.135205447585534
964,-14.583838405544176,7.460591538706063
965,-27.930239302524043,1.8338340842924863
966,7.763226039466105,22.655826311564933
967,-54.61437194844148,9.131077366069512
968,-57.627145113161134,3.4841297698449023
969,6.439202490987838,43.95889183078599
970,-29.358338226761855,-1.70452784187275
971,28.454833504198994,-11.087370675966236
972,-20.62613467277866,4.306880086589636
973,-33.944280098456645,0.4489042193995052
974,63.55447897422446,-11.03798098911808
975,45.89552494715916,-3.9089130154390763
976,27.33774605114388,-5.463606032736747
977,0.2844669102933483,3.123580963336523
978,7.81751257413315,3.547525286226021
979,15.027049960719115,-9.680338137175928
980,13.714828911614369,3.32364581044801
981,-36.1185863011551,-6.79948128796081
982,-65.94418067791612,-16.996550524401055
983,-29.877829097678887,6.019496846278286
984,-7.008382584286247,-1.3886172827269676
985,18.487009222809977,-10.541484994600694
986,26.210012789322885,-4.428845146357527
987,9.799299205608165,15.080866166185382
988,-32.567103295758436,1.0464671522955018
989,29.666549164797747,10.141188708856532
990,-49.843938819527885,-11.30710253297646
991,44.63591161941596,9.557548989192446
992,28.06771898496521,-4.0819320859509
993,1.3144342412649384,-9.063749412122187
994,-11.392873921064517,-11.75875759277505
995,30.073512954392548,-6.454660299350266
996,16.76879570545011,2.073623176901576
997,-0.7304987078447459,13.877880564854804
998,28.158580650750885,-11.914699767526404
999,61.534467191760555,-9.069334552989401
1000,-16.125428389019905,-5.057184814808559
1001,-22.69890622270558,-9.367447389018274
1002,-8.251752299373198,1.7628911373794085
1003,46.63634401415377,-13.315339565958102
1004,-5.017353070047623,1.472574888789268
1005,-38.224030889995596,-8.799450895999463
1006,-2.3970000407987837,3.0857656632932953
1007,-5.84876463863578,22.743133356451196
1008,-36.63866161454804,0.7036580366602924
1009,-1.5930240408811853,-3.797183441612559
1010,-23.606887876130802,-6.208835006800302
1011,14.317302979679832,2.207665049888779
1012,-55.25605512423148,-9.822671802320675
1013,18.142090520044572,-6.334130542553369
1014,-50.393440248279504,-3.9712786252451773
1015,94.50577447993207,-16.7980909044951
1016,21.887299914424737,-16.286679555216832
1017,48.789478678307574,-7.555245532113213
1018,84.15757003533321,-10.404596993018533
1019,86.38577151882522,-4.16595219931565
1020,48.05217550245713,-7.05244328200894
1021,71.39490153389197,-23.049268141950474
1022,25.60709894194876,-16.24188689446438
1023,92.23313489921283,19.411976529866713
1024,2.6614039459972,-30.075218912104415
1025,58.03123349234909,2.9418505870616176
1026,43.11602082921254,2.0118343702117056
1027,11.303967956908792,15.846959799267841
1028,-62.125884745399134,7.4539150550463065
1029,4.595055394528389,5.894558409307308
1030,-16.58994607122436,-1.5886936987462381
1031,-22.946282293756393,10.75025863684026
1032,-14.815509499622285,7.335727962374143
1033,30.75680863718716,24.620672165932874
1034,-43.690360092154165,-7.833958632493555
1035,-19.507967350191183,10.74575697626582
1036,9.371985895518652,18.136741114052814
1037,-30.76261081976759,-2.505401943610542
1038,-56.61997220108865,3.7884926776510492
1039,-51.89984013440891,-7.276820451852783
1040,-11.690315204558482,-12.20425575648344
1041,-26.09735141211874,-12.169280874146073
1042,-32.18567621390495,-14.890700116452587
1043,-31.598125341679737,10.577720784923482
1044,-33.1190926783159,9.568653793618338
1045,-34.783835055753684,-0.3520113203193557
1046,16.477126614622488,5.936758867931078
1047,-16.283112307505082,-17.50188288363181
1048,-16.384496552487754,11.882418666906078
1049,-71.06894257829694,-8.017638020913271
1050,8.588088850578183,-12.966848010793365
1051,-36.17802468252464,-9.928738529082077
1052,83.77862537412204,11.209169828364544
1053,-51.32847381034988,-9.761074093327858
1054,-12.258610772245085,5.125277194004377
1055,-34.125039762728385,-9.437984804155548
1056,-11.020059045249353,16.853082616003892
1057,-90.14853918743043,1.5431615843000865
1058,-9.895124653585196,-12.426655647665644
1059,26.855530426861392,19.795048009310786
1060,48.624768303055966,1.170671428847892
1061,-39.43243313358548,5.014362536638696
1062,43.2935062487495,2.5975787601720715
1063,-32.84731219631319,6.11833868433034
1064,28.042609620064564,0.8413851375101344
1065,-27.258352233799332,4.707898205079999
1066,-27.802061413535696,-6.09414329827065
1067,72.20764434938334,-2.974013454316502
1068,40.9021345486955,-1.0987108974106552
1069,-47.079495736020085,-7.803405683665325
1070,-72.07839760576032,-7.902175621478155
1071,-1.920209020356534,-16.91669556737175
1072,-0.4387968016248312,-8.218494817959304
1073,5.801486412164926,3.555843642087157
1074,-5.713527622363603,-4.276302628611095
1075,-37.89624779810327,9.670318689963555
1076,-22.35224904670389,-15.241155912898272
1077,14.572116636711895,-12.476616056044806
1078,-57.014054568999384,-8.872568038873714
1079,-34.743683293136904,-3.577447380328161
1080,-27.769317544248118,5.6383661691125955
1081,-67.70286602962813,-10.643896770688215
1082,-5.5816509492687505,0.6974417695998351
1083,-42.87599066631851,3.8593158544356285
1084,-7.071915224311431,12.640190010692734
1085,-48.2592500680544,4.088511294318356
1086,-30.610884241703165,-1.8985352234977673
1087,-69.34410669542339,-15.849555644973938
1088,28.66158867967566,25.584529903614477
1089,9.299428665251861,3.9310573521796157
1090,-61.96114106784396,-2.2441853030806267
1091,27.304771952491734,-7.831071602378866
1092,-65.34102207505425,-3.487095546596643
1093,13.056162143763888,5.659596437339506
1094,-24.696579473601712,-5.415062453781278
1095,21.284486658322063,-3.0520197315941373
1096,45.54636686843575,-0.45171042308085363
1097,-45.30489611508157,-3.3166491665874904
1098,-48.010708319863525,2.8487754142331343
1099,76.91490589826768,8.977316716670153
1100,-66.95849798123281,-2.434882587052873
1101,-14.94931922144808,-0.14276681098807417
1102,-25.506793621489344,-4.499658432571074
1103,57.13198799506822,14.443739195562781
1104,131.67275489404668,15.318358524832915
1105,-22.859996383363022,-5.490664997836605
1106,-61.898927075291915,-20.085550015772203
1107,13.963192644280992,6.726131156603186
1108,-6.1399119155723625,11.11538016930923
1109,-5.160312788267188,1.1422897924286841
1110,-7.115126982948314,5.668698332360265
1111,-39.3976261217838,11.972246941139502
1112,-34.33414881885728,7.212139298169068
1113,-21.180706705048614,-5.673016738763527
1114,4.856548163995501,6.466830552527862
1115,-7.882349285716797,-0.825960460163697
1116,-2.6001560314377192,-7.290535641710312
1117,16.760758088107863,-2.9446994560882676
1118,-6.15629013780831,4.786056365711126
1119,-37.561876375540436,1.083733601359041
1120,31.278084136476664,2.33986334096516
1121,-57.65821123407407,7.007512092289016
1122,11.598232036238254,-14.732391951765603
1123,-22.283099599898396,6.827705926502067
1124,2.5526174549336402,-1.786975351438846
1125,214.3536776123662,-19.745581571432872
1126,20.338563452436652,0.6728258854813473
1127,19.807375891500296,-24.243426149735953
1128,-30.225242470664682,-9.411964619619132
1129,2.209585403523192,23.709852497020975
1130,-5.434946558888436,1.6820126468152752
1131,38.058395612046205,-13.66393298866418
1132,21.64745902523102,4.495429098690939
1133,70.93010404241522,-5.7825787200551035
1134,-51.154400649712976,-2.484426878135163
1135,18.50070635193741,-14.408545646976497
1136,30.121110765019246,-12.508421789891752
1137,-22.702423061197717,-13.013468935173796
1138,43.98319839252584,-9.742931879954375
1139,12.6848261231707,6.483822735190281
1140,13.798626727686962,-4.071798944663542
1141,229.84458069913393,-14.553853793206606
1142,54.99878773677255,-12.451146444280571
1143,15.873992677233252,-9.712153114529675
1144,31.346814558968703,-15.535830185064537
1145,-15.99982737030821,5.112288595208521
1146,15.25448519814583,2.891149523670979
1147,-65.00779925937911,-6.059960879804841
1148,36.78587063227339,-12.635677626236127
1149,6.0958743072383115,-2.958062281475406
1150,51.13617935657648,-20.166740908336703
1151,10.104566091258965,1.4000289676157438
1152,49.871889229313396,6.440109486066767
1153,81.12568340381931,10.577818858779315
1154,36.79378729658253,-12.03735476099924
1155,-16.381004189230765,7.651004824547872
1156,49.71486905994402,3.838355751014654
1157,34.344890630979314,15.255242349388688
1158,21.927359138796316,-7.985683878210252
1159,-2.2777650943863175,4.037865863372114
1160,19.8796797103709,-7.894125963539877
1161,58.48616971954697,-3.117032512304416
1162,-10.877943199489744,-15.316304345968707
1163,46.630347795679924,3.261431714059621
1164,59.01954343507778,4.31105377123092
1165,-11.707825272886417,-8.003179594387827
1166,4.926118325508714,-5.37971356735134
1167,-21.744670282634193,-22.409513193905653
1168,18.104591753640616,-4.009681645881406
1169,47.73274093323099,-2.683809126268252
1170,-10.73181353109372,-5.4808250345135665
1171,5.34193790906056,5.013037752046699
1172,10.799957580670291,8.273541620748558
1173,-28.102593758667584,16.871978745659327
1174,-33.047271470589465,0.31738282538452767
1175,11.740783036576879,5.092056907351051
1176,45.57582377417579,1.5454431743627255
1177,15.418235198258271,-5.615252816772643
1178,15.662890462963517,-4.375757454964095
1179,5.479884383509078,2.0340428833846267
1180,35.98564625000807,16.123913274052498
1181,19.378776383970656,7.279862606709617
1182,5.090314850710717,6.356184936788118
1183,84.26358875590316,-2.603351357753447
1184,-19.861475430350573,-14.386241306987907
1185,-5.077175655076253,-2.1700391506579257
1186,-37.38879250344144,3.039201598920008
1187,-55.427610291614585,-0.1992736457614286
1188,-4.66579090595113,3.1984225384074985
1189,-49.64116280239041,-6.3736854392536655
1190,-70.43881704273228,-4.594863353792559
1191,-35.29396690872746,-1.651246313200491
1192,-48.489336447846156,-7.909609647780039
1193,2.145971244036373,11.422250149653994
1194,12.459942072341246,3.325695873080313
1195,-55.66663437816984,-17.364122707767606
1196,26.51840337553063,1.415967953633386
1197,-23.404617059258584,5.850994467403741
1198,53.436292500546095,-4.117959409235129
1199,-1.1076825803211472,-7.606800986966524
1200,19.05129152382901,12.457546177434608
1201,48.91531400210902,9.49934374535821
1202,-34.54465258920246,7.3881798082397845
1203,13.37903653086364,-1.8319316995488155
1204,29.026758604027993,1.5963473928452403
1205,-16.540146769495674,4.906080115558123
1206,7.071472049242881,-6.849756581043945
1207,39.31018193213975,-9.278660911024435
1208,53.0905764769704,-5.637009792000177
1209,-45.85267376551009,-3.329709749218736
1210,-28.708028100782332,0.6694413622359677
1211,69.72317845956165,-6.079159984874813
1212,97.79059796478347,-2.862718867875956
1213,-3.4261431960151554,8.79716940152552
1214,-57.36995628670203,4.269339208444563
1215,-58.85165562144465,5.790999777832867
1216,6.899627664616517,5.647110270898141
1217,45.01325747862993,-4.2240750558259315
1218,-66.75107948235895,-1.6908793362262537
1219,-50.352678413382435,18.760064869418695
1220,-51.50271860887852,8.99284068636297
1221,-28.575120523495894,4.0099883513779995
1222,-35.06615213122886,10.95605505961919
1223,24.34906622754608,12.13683768249922
1224,-42.77601473950793,5.007382202357925
1225,28.06542879261777,3.0193606558067114
1226,-56.07882727902839,-9.342133120191612
1227,-47.62890624894653,-7.338891698199763
1228,-0.7165302207341111,-12.08715918272046
1229,-50.191464021363686,-4.022261098454731
1230,47.425720936987446,-11.8236855337697
1231,127.00694227927326,-8.269559367252013
1232,90.2042006542293,-8.449675671259419
1233,-3.9162717018150026,15.12037475821986
1234,71.8632712562593,8.418584215119676
1235,-68.90910790316917,-6.283175559060142
1236,103.32769018344503,-3.3513687546278446
1237,89.4678013773698,17.35558488026095
1238,7.191541708269526,5.355374860774609
1239,27.20074151781104,1.809220252615723
1240,70.94685661427015,-14.341157740886526
1241,21.311046498851113,3.898112373187047
1242,36.87129410891114,-4.864940887016793
1243,-37.67061475657584,18.062756594851514
1244,6.529776046482081,-17.92052518055896
1245,35.598643981076734,0.9094848156018943
1246,34.790128956811486,15.536466543508606
1247,-27.064148201558602,5.001987615586373
1248,-9.477906229778311,9.376467427468576
1249,12.940837234669123,-1.860550813779221
1250,-51.88730861844128,-0.12750651942600166
1251,-37.80618800637844,5.172252625733255
1252,-24.153705467863592,7.587140203589008
